domain,kingdom,phylum,class,order,family,genus,species,n_zotu,pident_mean,pident_median,pident_min,pident_max,qcov_mean,qcov_median,qcov_min,qcov_max,evalue_mean,evalue_median,evalue_min,evalue_max,nec_01,nec_02,pcr_ntc1,pcr_ntc2,pcr_ntc3,pcr_ntc4,rme_01,rme_02,rme_03,rme_04,rme_05,rme_06,rme_07,rme_08,rme_09,rme_10,rme_11,rme_12,rme_13,rme_14,rme_15,rme_16,rme_17,rme_18,rme_19,rme_20,rme_21,rme_22,rme_23,rme_24,rme_25,rme_26,rme_27,rme_28,rme_29,rme_30,rme_31,rme_32,rme_33,rme_34,rme_35,rme_36,rme_37,rme_38,rme_39,rme_40,rme_41,rme_42,rme_43,rme_44,rme_45,rmep_16,rmep_17,rmep_18,rmep_19,rmep_20,rmep_21,rmep_22,rmep_23,rmep_25,rmep_26,rmep_27,rmep_28,rmep_29,rmep_30,rmep_31,rmep_32,rmep_33,rmep_34,rmep_36,rmep_37,rmep_38,rmep_39,rmep_40,rmep_41,rmep_42,rmep_43,rmep_44,rmep_45
Eukaryota,Metazoa,Cnidaria,Anthozoa,Scleractinia,Merulinidae,LCA_dropped,LCA_dropped,5306,96.90336068287208,96.889,88.839,100,94.84282873111071,95,63,100,2.2496710676584692e-71,9.69e-103,1.6399999999999998e-112,8.01e-66,0,1,7,2,4,0,3104,1210,12004,39104,87496,13953,63366,5493,12709,7694,3176,19693,20361,10,2,36139,824,25572,5873,6503,7106,2807,13090,1,37946,32596,7813,4,68805,1738,1908,66041,23166,4372,2,5243,48111,5228,0,13149,158275,0,2883,20553,40296,0,2280,17,0,1,11,2,10,0,12,16424,1,3403,5,0,0,57035,30,0,19700,0,7235,8,32,0,1,4670,5
Eukaryota,Metazoa,Chordata,Mammalia,LCA_dropped,LCA_dropped,LCA_dropped,LCA_dropped,1948,97.91945052823408,98.268,89.669,100,99.15952002053388,100,95,100,8.176337473685267e-91,1.14e-114,1e-121,1.5899999999999997e-87,4,288,0,1,7,766,17234,4842,77,223,1099,13290,4260,290,5430,263,10392,605,6964,6413,1868,1762,11499,4526,24511,2576,59835,14999,9024,958,2324,1645,28617,4,4141,2033,584,521,1167,36465,1246,6869,1,38310,4491,2571,4170,6092,1656,2592,7627,2,3136,3,7,1348,35779,13003,1,4,19,4014,3601,14,2,0,343,3786,901,6,1,23,0,3,2,5,1,190382,2610
Eukaryota,Metazoa,Chordata,Mammalia,Primates,Hominidae,Homo,Homo sapiens,5597,97.21235834650298,97.107,89.157,100,99.16783751927802,100,91,100,8.798926215411623e-88,2.05e-111,1e-121,2.89e-84,0,13,0,0,1,31,673,225,9,8,91,908,147,43,269,136,2014,22,438,226,69,816,466,843,1026,1011,5958,541,12457,30,262,51,1086,0,151,66,21,320,37,1684,54,278,0,3855,166,84,158,231,54,1852,1986,0,110,0,0,42,4118,514,0,0,1,143,134,2,0,0,10,125,30,2,0,6,0,0,1,0,0,6937,84
Eukaryota,Metazoa,LCA_dropped,LCA_dropped,LCA_dropped,LCA_dropped,LCA_dropped,LCA_dropped,36,97.91254888888889,97.908,96.281,100,98.57886111111111,98,96,100,5.0153564759109057e-110,5.919999999999999e-112,6.319999999999999e-118,3.06e-109,0,2,0,0,0,3,125,32,2,1,5,98,22,1,37,3,94,12,53,39,15,15,87,30,161,18,450,85,326,4,20,16,199,0,29,5,2,3,5,267,5,57,0,287,36,18,24,35,8,15,43,0,24,0,0,13,284,91,0,0,0,29,24,0,0,0,3,33,3,0,0,1,0,0,0,0,0,1408,27
Eukaryota,Metazoa,Cnidaria,Anthozoa,Scleractinia,LCA_dropped,LCA_dropped,LCA_dropped,2950,96.66663009703446,96.639,87.967,100,95.88248882468382,95,62,100,2.38365273764516e-66,8.069999999999999e-104,3.2099999999999997e-115,1.88e-61,0,0,1,0,2,0,463,630,2883,2168,2742,21311,7725,511,2648,218,1834,636,4703,4,0,4257,339,4003,2678,758,2063,951,1579,2,2429,1958,379,4,16100,10343,1627,2655,248,3160,1,1156,3653,6489,0,3,13886,0,32479,4770,11228,0,1,3,0,3,5,0,0,0,1,5,8,0,1,0,0,8247,2,0,3065,0,3359,0,2,0,6,9925,1
Eukaryota,Metazoa,Cnidaria,Anthozoa,Scleractinia,Lobophylliidae,Acanthastrea,Acanthastrea echinata,2678,96.76380516859138,96.875,93.304,99.554,94.67069256477284,95,74,100,1.2457802579980679e-80,3.38e-102,2.4299999999999997e-110,3.73e-76,0,0,0,0,0,0,460,159,211,715,2509,984,3673,815,436,19,641,855,2563,0,0,1119,0,3969,1884,490,0,900,0,0,753,2431,1,0,565,636,0,2139,802,1031,1,0,0,2030,0,594,3493,0,0,0,1312,0,885,1,0,0,0,0,0,0,0,3,0,3096,0,0,0,0,1,0,1586,0,0,1,2,0,0,0,0
Eukaryota,Metazoa,Cnidaria,Anthozoa,Scleractinia,Merulinidae,Cyphastrea,Cyphastrea serailia,2796,96.54004424875369,96.429,92.488,99.554,94.88560096066374,95,79,100,2.959843926085011e-82,4.119999999999999e-101,1.6399999999999998e-112,3.15e-77,0,0,0,0,0,0,821,803,305,379,600,2099,2804,307,273,175,823,136,3350,0,0,684,0,569,584,0,1769,0,0,0,421,1593,191,2,783,0,0,0,464,2203,1458,1285,0,0,468,0,815,0,0,2770,1157,0,0,0,0,1,3,0,1,0,0,0,0,1,0,0,0,0,0,0,0,1,292,0,0,0,0,0,0
Eukaryota,Metazoa,Chordata,Mammalia,Primates,Hominidae,Pan,Pan troglodytes,1890,90.19434783855245,90.171,88.333,93.162,97.572151253544,98,50,100,1.0891372434519622e-40,1.5899999999999997e-87,2.69e-97,1.7e-36,0,0,0,0,0,0,31,0,106,0,0,0,0,0,84,22,0,0,112,0,0,120,0,106,158,0,0,0,19,0,0,0,715,0,0,0,0,0,0,1,0,0,0,402,0,318,0,0,0,0,0,0,1,0,0,0,1,0,0,0,0,0,0,1,0,0,0,1,0,0,0,1,0,0,0,0,0,5041,0
Eukaryota,Metazoa,Cnidaria,Anthozoa,Scleractinia,Plesiastreidae,Plesiastrea,LCA_dropped,50,96.15461310782241,95.775,94.043,100,95.33086680761099,95,81,100,1.3786017887129262e-83,9.69e-103,8.489999999999999e-110,5.02e-81,0,0,0,0,0,0,2,1,1,7,19,4,40,7,5,0,3,20,19,0,0,9,0,30,13,4,0,6,0,0,7,19,0,0,7,3,0,22,10,7,0,0,0,10,0,6,29,0,0,0,13,0,3,0,0,0,0,0,0,0,0,0,0,28,0,0,0,0,0,0,18,0,0,0,0,0,0,0,0
Eukaryota,Metazoa,Chordata,Mammalia,Primates,Cercopithecidae,Macaca,Macaca mulatta,1599,92.60018386491558,92.887,90,94.979,98.43277048155097,99,94,99,6.476765474942233e-86,3.2599999999999996e-96,8.179999999999999e-104,2.87e-84,0,0,0,0,0,0,13,0,0,0,0,1,0,0,31,0,0,0,1,0,0,0,0,0,0,4,1628,0,1,0,0,0,945,0,0,0,0,0,0,0,0,1188,0,487,0,226,0,0,0,506,0,0,1,0,0,0,4,0,0,0,0,0,0,0,0,39,0,0,0,0,0,0,0,0,0,0,0,13934,0
Eukaryota,Metazoa,Echinodermata,Holothuroidea,Aspidochirotida,Holothuriidae,Holothuria,Holothuria atra,2394,96.4012494578168,96.482,93.237,99.034,99.01153980026238,100,94,100,2.856125263095902e-86,2.1100000000000002e-91,4.34e-100,3.5499999999999996e-82,0,0,0,0,0,0,43,0,1003,0,0,0,192,0,166,0,0,99,0,0,0,0,0,277,0,0,0,0,0,0,0,0,0,0,947,0,0,0,0,0,0,0,0,0,0,0,0,0,0,0,4660,0,0,0,0,0,0,0,0,0,0,0,0,0,1,0,0,0,0,0,0,0,324,0,0,0,0,0,0
Eukaryota,Metazoa,Chordata,Mammalia,Artiodactyla,Bovidae,Bos,LCA_dropped,1552,97.89359902439253,97.925,94.606,100,98.46244404224502,100,52,100,1.20573638684885e-59,4.83e-113,3.4799999999999994e-121,5.899999999999998e-55,0,0,0,0,0,0,0,43,0,0,0,0,0,0,0,0,0,0,2552,0,0,197,0,0,0,895,764,0,0,0,0,184,0,0,0,0,0,0,0,0,0,0,0,0,0,0,0,0,0,0,0,0,0,0,0,0,0,0,0,0,0,0,0,0,0,0,0,0,0,0,0,0,0,0,0,0,0,0,0
Eukaryota,Metazoa,Cnidaria,Anthozoa,Scleractinia,Plesiastreidae,LCA_dropped,LCA_dropped,69,95.3096097763049,95.305,92.766,98.661,95.2953603976802,95,82,100,6.910253289199656e-81,2.13e-98,1.2599999999999998e-107,2.6e-78,0,0,0,0,0,0,3,2,0,19,37,3,16,2,7,0,0,8,12,0,0,3,0,11,8,0,0,1,0,0,4,7,0,0,5,1,0,7,2,5,0,1,0,3,0,0,16,0,0,0,3,0,1,0,0,0,0,0,0,0,0,0,0,9,0,0,0,1,0,0,2,0,0,0,0,0,0,0,0
Eukaryota,Metazoa,Chordata,Mammalia,Primates,Hominidae,Gorilla,Gorilla gorilla,439,90.62352623100091,90.598,88.435,92.887,97.29637879106255,98,50,100,2.1134103298644615e-41,1.2999999999999998e-88,1.1399999999999999e-95,1.3999999999999998e-37,0,0,0,0,0,0,4,0,30,0,0,0,0,0,17,10,0,0,24,0,0,32,0,20,43,0,0,0,6,0,0,0,185,0,0,0,0,0,0,0,0,0,0,111,0,71,1,0,0,0,0,0,0,0,0,0,0,0,0,0,0,0,0,0,0,0,0,0,0,0,0,0,0,0,0,0,0,1169,0
Eukaryota,Metazoa,Chordata,Mammalia,Primates,Hominidae,LCA_dropped,LCA_dropped,329,90.1847465427797,90.083,88.953,92.562,98.40577622919086,100,50,100,2.6206989817683475e-41,3.74e-89,2.69e-97,1.3999999999999998e-37,0,0,0,0,0,0,2,0,14,0,0,0,0,0,12,3,0,0,21,0,0,25,0,9,23,0,0,0,3,0,0,0,91,0,0,0,0,0,0,0,0,0,0,62,0,54,0,0,0,0,0,0,0,0,0,0,0,0,0,0,0,0,0,0,0,0,0,0,0,0,0,0,0,0,0,0,0,760,0
Eukaryota,Metazoa,Chordata,Mammalia,Artiodactyla,Bovidae,Bos,Bos primigenius,155,98.29943957760423,98.305,95.745,100,96.6479815201848,98,53,100,2.499976900231028e-59,1.6899999999999998e-112,7.66e-117,5.899999999999998e-55,0,0,0,0,0,0,0,5,0,0,0,0,0,0,0,0,0,0,197,0,0,15,0,0,0,63,43,0,0,0,0,10,0,0,0,0,0,0,0,0,0,0,0,0,0,0,0,0,0,0,0,0,0,0,0,0,0,0,0,0,0,0,0,0,0,0,0,0,0,0,0,0,0,0,0,0,0,0,0
Eukaryota,Metazoa,Echinodermata,Holothuroidea,Aspidochirotida,Holothuriidae,Holothuria,Holothuria whitmaei,763,97.09044823066841,96.903,95.133,99.074,98.73394495412845,100,94,100,5.764508720274312e-99,3.23e-102,1.2099999999999998e-107,8.77e-97,0,0,0,0,0,0,27,149,0,0,2073,0,0,86,0,6,51,0,120,0,0,0,0,0,0,0,0,0,0,0,0,237,0,1,0,0,0,0,0,0,0,0,0,0,0,0,0,0,0,0,0,0,0,0,0,0,0,0,0,0,0,0,0,0,0,0,0,0,0,0,0,0,0,0,0,0,0,0,0
Eukaryota,Metazoa,Cnidaria,Anthozoa,Scleractinia,Pocilloporidae,Pocillopora,LCA_dropped,1948,97.38140616149755,97.51,93.651,100,95.4878082475651,96,83,100,2.4241408223023646e-97,2.14e-111,1.05e-121,4.84e-94,0,2,0,0,4,0,24,14,604,51,9,267,623,4,375,1,42,6,92,9,0,85,0,564,148,7,106,169,0,1,4,21,17,1,7913,548,17,97,103,29,0,548,72,182,249,31,81,0,41,526,2264,4,102,1,0,1,325,3,1,2,0,1,1,229,119,0,3,172,0,51,0,0,878,0,1,0,83,178,2
Eukaryota,Metazoa,Cnidaria,Anthozoa,Scleractinia,Astrocoeniidae,LCA_dropped,LCA_dropped,1768,96.57828394779024,97.034,89.167,99.153,96.30043508129151,96,74,100,1.4797527548719798e-80,1.09e-108,2.75e-116,3.2300000000000003e-77,0,0,0,0,0,0,0,0,178,25,0,84,136,0,26,0,38,6,313,0,0,250,0,234,0,73,76,1,0,0,0,0,0,0,454,174,1,0,0,185,0,209,0,149,0,0,38,0,0,0,172,0,0,0,0,0,2,0,0,0,0,0,0,0,0,0,0,0,0,0,0,0,0,0,0,0,0,0,0
Eukaryota,Metazoa,Cnidaria,Anthozoa,Scleractinia,Diploastraeidae,Diploastrea,Diploastrea heliopora,1113,96.49437769380043,96.429,93.617,99.556,95.10407517107548,95,81,100,4.82784372700119e-82,3.38e-102,6.63e-111,2.6e-78,0,0,0,0,0,0,0,232,0,0,0,0,0,0,302,0,0,0,0,0,0,0,0,0,0,0,0,0,0,0,0,0,0,0,618,0,0,0,0,0,0,0,0,517,0,0,0,0,0,0,0,0,0,0,0,0,0,0,0,0,0,0,0,0,0,0,0,0,0,0,0,0,0,0,0,0,0,0,0
Eukaryota,Metazoa,Chordata,Mammalia,Carnivora,Canidae,Canis,Canis lupus,676,98.05427375778962,97.984,94.758,100,98.6840418953065,100,50,100,1.48960868279844e-60,7.87e-117,5.69e-125,1.7499999999999998e-55,0,0,0,0,0,0,0,0,0,4,0,0,0,0,0,0,0,0,86,0,0,0,0,0,0,0,0,0,0,0,0,0,0,0,0,0,0,161,0,0,0,0,0,0,0,97,0,0,0,0,0,0,0,0,0,514,0,0,0,0,0,0,0,0,0,0,0,0,0,0,0,0,0,1,0,0,0,0,0
Eukaryota,Metazoa,Chordata,Mammalia,Artiodactyla,Bovidae,Bos,Bos taurus,179,98.34339194459771,98.305,92.373,100,96.24242308936283,97,53,100,3.273340499614479e-59,2.05e-111,2.19e-117,5.899999999999998e-55,0,0,0,0,0,0,0,3,0,0,0,0,0,0,0,0,0,0,217,0,0,18,0,0,0,77,66,0,0,0,0,19,0,0,0,0,0,0,0,0,0,1,0,0,0,0,0,0,0,0,0,0,0,0,0,0,0,0,0,0,0,0,0,0,0,0,0,0,0,0,0,0,0,0,0,0,0,0,0
Eukaryota,Metazoa,Echinodermata,Holothuroidea,Aspidochirotida,Stichopodidae,Stichopus,Stichopus chloronotus,758,97.30961710383362,97.321,93.75,99.522,96.44195250659631,97,92,100,2.5564022159060245e-95,1.6599999999999997e-99,6.18e-105,2.3100000000000002e-91,0,0,0,0,0,0,0,0,52,0,32,0,144,0,0,0,0,18,164,0,0,0,0,0,0,0,0,0,0,0,0,0,0,0,0,0,0,0,0,0,0,0,0,0,0,0,0,0,0,0,605,0,0,0,0,0,0,0,0,0,0,0,0,0,0,0,0,0,0,0,0,0,0,0,0,0,0,0,0
Eukaryota,Metazoa,Chordata,Actinopteri,Chaetodontiformes,Chaetodontidae,Chaetodon,Chaetodon burgessi,757,99.03374438573316,99.497,94.488,100,87.42932628797887,86.5,75,100,5.97096027128155e-88,1.1700000000168e-98,2.2699999999999996e-130,9.04e-85,0,0,2,0,0,0,0,0,0,0,1,0,0,0,0,0,0,1713,0,0,39,0,0,0,0,0,0,0,0,0,0,0,0,0,0,0,0,0,0,0,4,0,0,0,0,0,0,0,0,0,0,0,0,0,0,0,99,0,0,0,0,0,0,0,0,0,45,0,0,18,0,0,0,0,0,0,0,291,93
Eukaryota,Metazoa,Chordata,Mammalia,Artiodactyla,Suidae,Sus,LCA_dropped,1368,97.92839095299497,97.967,94.715,100,98.53483796388993,100,50,100,1.3119660206905408e-57,9.55e-116,6.87e-124,3.13e-52,0,0,0,0,0,0,53,18,11,0,0,0,0,0,0,0,37,0,0,0,478,0,0,1,111,0,0,0,0,0,0,151,1,0,0,0,0,0,0,249,0,0,0,0,0,0,0,0,0,0,0,0,0,0,0,0,0,0,0,0,0,0,0,1009,0,0,0,0,0,0,0,0,0,0,0,0,0,0,0
Eukaryota,Metazoa,Mollusca,Gastropoda,Trochida,Phasianellidae,Phasianella,Phasianella solida,284,96.13964436619719,96.262,94.144,97.664,96.69718309859155,96,92,100,2.466264193802817e-93,1.0499999999999999e-95,1.6599999999999997e-99,2.3100000000000002e-91,0,0,0,0,0,0,0,0,0,6,592,0,0,131,46,69,0,0,0,0,0,0,0,0,0,0,0,0,0,0,10,59,0,0,147,0,7,81,0,94,0,0,0,0,0,0,110,0,0,0,0,0,0,0,0,0,0,0,0,0,0,0,0,0,0,0,0,0,0,0,0,0,0,0,0,0,0,0,0
Eukaryota,Metazoa,Chordata,Mammalia,Artiodactyla,Suidae,Sus,Sus scrofa,218,98.01772337581484,97.967,95.378,100,98.13740569838131,100,50,100,5.472669371456822e-58,9.55e-116,6.87e-124,7.359999999999999e-54,0,0,0,0,0,0,4,2,5,0,0,0,0,0,0,0,1,0,0,0,0,0,0,0,11,0,0,0,0,0,0,35,0,0,0,0,0,0,0,17,0,0,0,0,0,0,0,0,0,0,0,0,0,0,0,0,0,0,0,0,0,0,0,214,0,0,0,0,0,0,0,0,0,0,0,0,0,0,0
Eukaryota,Metazoa,Cnidaria,Anthozoa,Scleractinia,Lobophylliidae,LCA_dropped,LCA_dropped,168,95.63935575259515,95.536,93.868,98.661,94.52314013840831,95,81,100,1.5749679316345186e-82,2.13e-98,1.2599999999999998e-107,7.42e-79,0,0,0,0,0,0,2,1,2,122,184,3,42,23,5,0,1,42,19,0,0,9,0,7,2,0,0,0,0,0,5,10,0,0,2,0,0,6,1,0,0,0,0,0,0,0,68,0,0,0,0,0,0,0,0,0,0,0,0,0,0,0,0,0,0,0,0,1,0,0,0,0,0,0,0,0,0,0,0
Eukaryota,Metazoa,Cnidaria,Anthozoa,Scleractinia,Faviidae,LCA_dropped,LCA_dropped,69,95.81509527474219,95.982,93.644,98.667,94.64198861012775,95,82,100,7.059599205858994e-82,6.109999999999999e-99,4.399999999999999e-107,2.6e-78,0,0,0,0,0,0,4,0,5,71,135,2,46,19,15,0,0,27,9,0,0,10,0,8,1,0,0,0,1,0,2,4,0,0,2,0,0,4,1,1,0,0,1,0,0,0,43,0,0,0,2,0,0,0,0,0,0,0,0,0,0,0,0,0,0,0,0,0,0,0,0,0,0,0,0,0,0,0,0
Eukaryota,Metazoa,Chordata,Mammalia,Artiodactyla,Delphinidae,LCA_dropped,LCA_dropped,772,95.7918849749796,95.833,91.667,100,98.80224053009822,100,59,100,1.0332720685825463e-59,1.9200000000000002e-105,1.21e-120,2.0399999999999997e-54,0,0,0,0,0,0,23,0,0,0,13,0,0,0,0,10,0,0,0,0,0,0,0,0,0,325,0,0,0,0,1,0,218,0,0,0,0,0,0,0,0,0,0,0,0,0,0,0,0,0,0,0,0,0,0,0,0,0,0,0,0,392,0,0,0,0,0,0,0,0,0,0,0,0,0,0,0,0,0
Eukaryota,Metazoa,Chordata,Mammalia,Carnivora,Felidae,Felis,LCA_dropped,242,98.01893910929384,97.942,94.65,100,97.09470659741407,100,56,100,2.013029063984971e-62,1.4e-113,1.22e-120,2.71e-59,0,0,0,0,0,0,0,0,0,0,0,0,0,0,0,0,0,0,0,0,0,0,0,0,0,0,185,0,0,0,0,189,0,0,0,0,0,0,0,0,0,0,0,0,0,0,0,0,0,0,0,0,0,0,0,0,0,0,0,0,0,0,0,0,0,0,0,0,0,0,0,0,0,0,0,0,0,0,0
Eukaryota,Metazoa,Chordata,Mammalia,Artiodactyla,LCA_dropped,LCA_dropped,LCA_dropped,29,98.36893822346777,98.34,96.266,100,97.30413062020227,98,50,98,2.65773481174607e-58,9.55e-116,1.5099999999999997e-119,6.0399999999999985e-55,0,0,0,0,0,0,5,1,0,0,0,0,0,0,0,0,1,0,0,0,0,0,0,0,10,0,0,0,0,0,0,0,0,0,0,0,0,0,0,24,0,0,0,0,0,0,0,0,0,0,0,0,0,0,0,0,0,0,0,0,0,0,0,0,0,0,0,0,0,0,0,0,0,0,0,0,0,0,0
Eukaryota,Metazoa,Chordata,Mammalia,Artiodactyla,Cervidae,Rusa,Rusa alfredi,244,96.57914168096055,96.947,93.724,98.529,73.968782161235,72,50,100,4.852266218550158e-50,3.29e-77,9.42e-116,2.37e-47,0,0,0,0,0,0,0,0,0,0,0,2,0,0,0,0,0,0,1,0,0,0,0,0,1,0,2,0,0,0,0,0,0,0,0,0,0,0,0,0,0,0,0,0,0,0,365,0,0,0,0,0,0,0,0,0,0,0,0,0,0,0,1,0,0,1,0,0,0,0,0,0,0,0,0,0,0,0,0
Eukaryota,Metazoa,Echinodermata,Holothuroidea,Dendrochirotida,Sclerodactylidae,Afrocucumis,Afrocucumis africana,114,96.27465789473685,96.413,93.722,98.206,99.79824561403508,100,93,100,8.102471608378772e-94,1.35e-100,5.049999999999999e-106,1.8199999999999998e-92,0,0,0,0,0,0,0,24,37,0,0,0,55,0,5,0,0,0,0,0,0,0,0,0,0,0,0,0,0,0,0,0,0,0,0,0,0,0,0,0,0,0,0,0,0,0,0,0,0,0,709,0,0,0,0,0,0,0,0,0,0,0,0,0,0,0,0,0,0,0,0,0,39,0,0,0,0,0,0
Eukaryota,Metazoa,Mollusca,Cephalopoda,Octopoda,Octopodidae,Octopus,Octopus cyanea,98,96.55349147286822,96.635,93.488,98.558,97.07441860465116,95,87,100,9.258420997775651e-86,1.02e-95,3.12e-102,1.09e-82,0,0,0,0,0,0,2,7,3,7,4,0,10,0,1,2,0,10,0,0,0,0,0,0,0,0,0,0,0,0,0,28,0,0,0,0,0,11,0,0,0,0,0,0,0,5,3,0,0,0,19,0,2,0,0,0,0,0,0,0,0,0,0,0,0,0,0,0,0,0,0,0,0,0,0,0,0,0,0
Eukaryota,Metazoa,Cnidaria,Anthozoa,Scleractinia,Lobophylliidae,Homophyllia,Homophyllia bowerbanki,26,94.63800122699386,94.468,92.958,97.768,95.94723926380368,99,82,100,1.47159829125722e-79,2.6e-97,1.87e-105,1.11e-76,0,0,0,0,0,0,0,1,1,12,26,1,3,2,2,0,0,4,4,0,0,1,0,1,1,0,0,0,0,0,1,0,0,0,1,0,0,0,1,0,0,0,0,0,0,0,6,0,0,0,0,0,0,0,0,0,0,0,0,0,0,0,0,0,0,0,0,0,0,0,0,0,0,0,0,0,0,0,0
Eukaryota,Metazoa,Echinodermata,Holothuroidea,Aspidochirotida,Holothuriidae,Labidodemas,Labidodemas semperianum,167,90.8408622754491,90.909,89.5,93.137,99.02395209580838,100,95,100,1.6234901894402873e-71,1.18e-75,4.389999999999999e-81,3.8699999999999997e-69,0,0,0,0,0,0,0,0,0,0,0,185,0,0,0,0,0,0,0,0,0,0,0,0,0,0,0,0,0,0,0,0,0,0,0,0,0,0,0,0,0,0,0,0,0,0,0,0,0,0,0,0,0,0,0,0,0,0,0,0,0,0,0,0,0,0,0,0,0,0,0,0,0,0,0,0,0,0,0
Eukaryota,Metazoa,Mollusca,Gastropoda,Littorinimorpha,Vermetidae,Dendropoma,Dendropoma corrodens,97,90.03151754385965,90.058,88.889,90.698,94.37719298245614,94,92,100,5.277488687894735e-57,1.9000000000000001e-59,3.01e-63,4.179999999999999e-55,0,0,0,0,0,0,0,0,4,0,3,2,9,0,2,0,0,0,0,0,0,0,0,0,0,0,0,0,0,0,0,0,0,0,1,0,0,0,0,0,0,12,0,0,0,0,0,0,13,0,66,0,0,0,0,0,0,0,0,0,0,0,0,0,0,0,0,0,0,0,0,0,0,0,0,0,0,0,0
Eukaryota,Metazoa,Arthropoda,Malacostraca,Decapoda,Penaeidae,Metapenaeopsis,Metapenaeopsis lamellata,500,92.73944319775596,92.727,90.27,95.305,94.19354838709677,98,76,100,2.0682864768583633e-61,1.4299999999999998e-87,1.52e-93,2.4200000000000003e-59,0,0,0,0,0,0,0,0,0,0,0,0,311,14,0,7,0,0,0,0,0,0,0,0,257,0,0,0,0,0,0,128,0,0,0,0,0,0,0,0,0,0,0,0,0,0,0,0,0,0,0,0,0,0,0,0,0,0,0,0,0,0,0,0,0,0,0,0,0,0,0,0,0,0,0,0,0,0,0
Eukaryota,Metazoa,Echinodermata,Holothuroidea,Aspidochirotida,Holothuriidae,Bohadschia,Bohadschia koellikeri,449,96.2553407572383,96.33,94.248,98.19,99.2761692650334,100,96,100,3.6702328172493673e-96,1.38e-100,5.13e-106,1.57e-93,0,0,0,0,0,0,0,0,0,0,0,0,0,55,0,0,0,0,202,0,0,0,0,0,0,0,0,0,0,0,259,0,0,0,0,0,0,0,0,0,0,0,0,0,0,0,0,0,0,0,0,0,0,0,0,0,0,0,0,0,0,0,0,0,0,0,0,0,0,0,0,0,0,0,0,0,0,0,0
Eukaryota,Metazoa,Chordata,Mammalia,Artiodactyla,Delphinidae,Stenella,Stenella longirostris,261,97.35057896187183,97.436,94.167,100,98.75557392654943,100,71,100,2.304889381165702e-77,7.14e-111,1.21e-120,7.150000000000001e-73,0,0,0,0,0,0,29,30,0,0,0,0,0,20,0,0,0,0,77,0,0,0,0,0,125,0,0,0,0,0,53,0,0,0,0,0,0,0,0,0,0,0,0,0,0,0,0,0,0,0,0,0,0,0,0,0,0,0,0,0,0,2,0,0,0,0,0,0,0,0,0,0,0,0,0,0,0,0,0
Eukaryota,Metazoa,Chordata,Mammalia,Rodentia,Thryonomyidae,Thryonomys,Thryonomys swinderianus,24,98.59048514268903,98.739,95.798,100,96.4819064430715,97,50,98,3.9508845522212405e-58,3.3299999999999996e-115,1.5099999999999997e-119,6.0399999999999985e-55,0,0,0,0,0,0,0,0,0,0,0,0,0,0,0,0,0,0,0,0,22,0,0,0,2,0,0,0,0,0,0,0,0,0,0,0,0,0,0,4,0,0,0,0,0,0,0,0,0,0,0,0,0,0,0,0,0,0,0,0,0,0,0,0,0,0,0,0,0,0,0,0,0,0,0,0,0,0,0
Eukaryota,Metazoa,Echinodermata,Holothuroidea,Aspidochirotida,Holothuriidae,Bohadschia,LCA_dropped,629,93.60548532780626,91.818,88.938,98.673,99.2230827969892,100,96,100,2.4957358387869403e-81,5.129999999999999e-87,9.889999999999998e-109,8.69e-78,0,0,0,0,0,0,1,0,31,10,0,0,0,0,9,0,0,0,0,0,0,286,0,0,0,0,0,0,0,0,0,0,0,0,364,0,0,0,0,0,0,0,0,0,0,0,0,0,0,0,0,0,0,0,0,0,0,0,0,0,0,0,0,0,0,0,0,0,0,0,0,0,0,0,0,0,0,0,0
Eukaryota,Metazoa,Echinodermata,Holothuroidea,Apodida,Synaptidae,Euapta,Euapta godeffroyi,98,94.08329591836734,93.981,92.593,96.209,98.90816326530613,100,94,100,7.5125572293979595e-87,1.15e-88,4.27e-94,2.0700000000000001e-85,0,0,0,0,0,0,0,0,0,0,0,0,0,3,0,0,0,0,0,0,0,0,0,0,0,0,0,0,0,0,100,0,0,0,0,0,0,0,0,0,0,0,0,0,0,0,0,0,0,0,0,0,0,0,0,0,0,0,0,0,0,0,0,0,0,0,0,0,0,0,0,0,0,0,0,0,0,0,0
Eukaryota,Metazoa,Chordata,Aves,Galliformes,Phasianidae,Gallus,LCA_dropped,176,98.61992279048901,98.78,94.922,100,96.26720502467474,96,64,100,5.0503131449080304e-80,1.5799999999999996e-119,3.05e-122,4.24e-76,0,0,0,0,0,0,0,0,0,0,0,0,0,0,0,0,0,0,0,0,0,0,0,0,77,0,0,0,0,0,0,139,0,0,0,0,0,0,0,0,0,0,0,0,0,0,0,0,0,0,0,0,0,0,0,0,0,0,0,0,0,0,0,0,0,0,0,0,0,0,0,0,0,0,0,0,0,0,0
Eukaryota,Metazoa,Bryozoa,Gymnolaemata,Cheilostomatida,Beaniidae,Beania,Beania klugei,57,91.23189473684211,91.262,90.187,92.462,96.50877192982456,96,93,100,2.945472157894737e-75,9.940000000000001e-77,5.5000000000000004e-80,5.15e-74,0,0,0,0,0,0,0,0,0,0,0,0,0,0,0,0,0,0,0,0,0,0,0,0,0,0,0,0,0,0,23,83,0,0,0,0,0,0,0,0,0,0,0,0,0,0,0,0,0,0,0,0,0,0,0,0,0,0,0,0,0,0,0,0,0,0,0,0,0,0,0,0,0,0,0,0,0,0,0
Eukaryota,Metazoa,Echinodermata,Holothuroidea,Aspidochirotida,Stichopodidae,Stichopus,Stichopus horrens,313,94.92302891791044,94.977,91.071,98.565,97.51896766169155,100,90,100,3.9171632167867495e-78,4.45e-94,7.529999999999999e-104,1.2400000000000001e-75,0,0,0,0,0,0,0,0,0,0,0,0,62,0,0,0,0,0,0,0,0,0,0,0,0,0,0,0,0,0,0,0,0,0,0,0,0,0,0,0,0,0,0,0,0,0,0,0,0,296,0,0,0,0,0,0,0,0,0,0,0,0,0,0,0,0,0,0,0,0,0,0,0,0,0,0,0,0,0
Eukaryota,Metazoa,Chordata,Actinopteri,Acanthuriformes,Acanthuridae,Acanthurus,Acanthurus olivaceus,262,98.61468779564807,98.77,95.865,100,96.43046357615894,97,88,100,2.9106023444979612e-115,1.7599999999999999e-125,5.399999999999999e-132,1.8799999999999996e-112,0,0,0,0,0,0,0,4,1,0,1,0,8,0,0,0,0,0,0,0,0,0,0,1,0,0,96,0,0,0,0,0,0,0,0,0,0,0,6,20,0,0,0,0,0,0,0,0,0,0,0,0,0,0,0,0,149,0,0,0,0,0,0,0,0,0,0,0,0,0,0,0,0,0,0,0,0,0,0
Eukaryota,Metazoa,Chordata,Actinopteri,Acanthuriformes,Acanthuridae,Ctenochaetus,LCA_dropped,167,97.893938,98.02,95.319,100,95.9185,97,74,100,4.27831500000555e-94,2.15e-124,5.399999999999999e-132,8.019999999999999e-92,0,0,0,0,0,0,0,0,4,0,2,5,4,0,1,0,0,0,7,0,0,3,0,14,0,0,0,0,0,0,0,0,13,1,0,44,0,0,2,0,0,0,0,2,0,0,0,0,0,0,38,0,0,0,0,0,0,0,0,0,0,0,0,0,0,0,0,22,0,0,0,0,17,0,0,0,0,0,0
Eukaryota,Metazoa,Echinodermata,Holothuroidea,Aspidochirotida,Holothuriidae,Holothuria,Holothuria difficilis,29,96.86027586206896,96.46,96.018,98.578,99.27586206896552,100,93,100,1.5486861234827586e-100,3.23e-102,1.2099999999999998e-107,1.6799999999999999e-99,0,0,0,0,0,0,0,68,0,4,0,0,0,0,7,0,0,0,0,0,0,0,0,0,0,0,0,0,0,0,0,0,0,0,0,0,0,0,0,0,0,0,0,0,0,0,0,0,0,0,0,0,0,0,0,0,0,0,0,0,0,0,0,0,0,0,0,0,0,0,0,0,0,0,0,0,0,0,0
Eukaryota,Metazoa,Chordata,Actinopteri,Labriformes,Labridae,Labroides,Labroides dimidiatus,42,98.52290476190475,98.479,96.958,100,91.11904761904762,97,75,100,1.5946365079365078e-96,9.020000000000001e-123,1.17e-127,4.4e-95,0,0,0,0,0,0,0,0,42,0,0,1,0,0,0,0,2,0,0,0,0,0,0,0,0,0,0,0,0,0,0,0,0,0,0,0,0,0,0,0,0,0,0,0,0,0,0,0,0,0,58,0,0,0,0,0,0,0,0,0,0,0,0,0,3,0,0,0,0,0,0,0,0,0,0,0,0,0,1
Eukaryota,Metazoa,Chordata,Actinopteri,Acanthuriformes,Acanthuridae,Ctenochaetus,Ctenochaetus striatus,110,97.64714452473596,97.701,95.489,100,96.73540856031128,98,76,100,7.11589772098525e-96,9.140000000000001e-123,2.2899999999999997e-130,6.58e-93,0,0,0,0,1,0,0,0,9,0,0,0,17,0,0,0,0,0,4,0,0,0,0,0,0,0,0,0,0,0,0,0,0,0,0,0,0,0,0,0,0,0,0,63,0,0,0,0,0,0,23,0,0,0,0,0,0,0,0,0,0,0,0,0,0,0,0,0,0,0,0,0,0,0,0,0,0,0,0
Eukaryota,Metazoa,Mollusca,Cephalopoda,Oegopsida,Enoploteuthidae,Abralia,Abralia trigonura,18,95.4815,95.98,92.857,96.482,95.83333333333333,95,95,100,5.908179999999999e-84,1.64e-86,1.3399999999999997e-87,1.0299999999999999e-82,0,0,0,0,0,0,0,0,0,0,20,0,0,0,0,0,0,0,0,0,0,0,0,0,0,0,0,0,0,0,0,0,0,0,0,0,0,0,0,0,0,0,0,0,0,0,0,0,0,0,0,0,0,0,0,0,0,0,0,0,0,0,0,0,0,0,0,0,0,0,0,0,0,0,0,0,0,0,0
Eukaryota,Metazoa,Echinodermata,Crinoidea,Comatulida,Mariametridae,Dichrometra,Dichrometra brachypecha,172,94.526330472103,94.41,91.393,97.826,89.24141630901288,98,60,100,9.514039041321888e-61,1.8199999999999998e-99,1.07e-108,1.1499999999999999e-57,0,0,0,0,0,0,4,22,0,0,13,40,0,0,0,0,5,0,2,0,0,0,0,0,0,0,0,0,0,0,0,0,0,0,0,0,0,0,0,46,0,0,0,88,0,0,0,0,0,0,0,0,0,0,0,0,0,0,0,0,0,0,0,0,0,0,0,0,0,0,0,0,0,0,0,0,0,0,0
Eukaryota,Metazoa,Arthropoda,Malacostraca,Decapoda,Xanthidae,Paraxanthias,Paraxanthias notatus,53,96.25554716981132,96.30449999999999,94.064,98.529,97.01886792452831,100,93,100,1.357141032996449e-89,4.34e-94,3.7999999999999995e-101,1.4199999999999998e-87,0,0,0,0,0,0,0,0,0,0,29,0,0,0,0,0,0,0,0,0,0,0,0,20,0,0,0,0,0,0,0,51,0,0,4,0,0,0,0,0,0,0,0,0,0,0,0,0,0,0,0,0,0,0,0,0,0,0,0,0,0,0,0,0,0,0,0,0,0,0,0,0,0,0,0,0,0,0,0
Eukaryota,Metazoa,Cnidaria,Anthozoa,Scleractinia,Pocilloporidae,LCA_dropped,LCA_dropped,75,90.41303440366973,89.806,88.538,98.347,93.8440366972477,96,72,100,2.339778399828747e-66,2.4300000000000002e-85,3.42e-115,3.6200000000000005e-64,0,0,0,0,0,0,0,0,1,0,0,62,0,0,0,0,3,0,0,0,0,8,0,0,0,0,0,0,0,0,0,0,0,0,1,0,0,0,0,0,0,0,0,0,1,0,0,0,0,1,1,0,0,0,0,0,0,0,0,0,0,0,0,1,0,0,0,0,0,0,0,0,1,0,0,0,0,0,0
Eukaryota,Metazoa,Chordata,Actinopteri,Acanthuriformes,Acanthuridae,Acanthurus,Acanthurus guttatus,125,97.12412826603325,96.992,95.492,100,97.76009501187649,100,60,100,5.997624703087886e-72,3.8799999999999995e-121,2.2899999999999997e-130,5.05e-69,0,0,0,0,0,0,3,0,2,7,2,0,6,0,8,2,4,2,0,0,0,0,0,10,0,0,0,0,0,0,13,5,0,0,0,0,0,0,0,0,0,0,0,0,0,0,16,0,3,0,30,0,0,0,0,0,0,0,0,0,0,0,0,0,0,0,0,0,0,0,20,0,0,0,1,0,0,0,0
Eukaryota,Metazoa,Chordata,Actinopteri,Acanthuriformes,Acanthuridae,Acanthurus,Acanthurus nigrofuscus,144,98.46686342592592,98.444,96.617,100,96.96527777777777,97,88,100,3.7398602521139914e-117,1.7599999999999999e-125,2.2899999999999997e-130,1.28e-114,0,0,0,0,0,0,0,0,6,1,0,9,32,0,3,2,0,0,0,0,0,0,0,42,0,0,0,0,0,0,2,3,10,0,0,0,0,0,0,0,0,0,0,34,0,0,8,0,0,0,0,0,0,0,0,0,0,0,0,0,0,0,0,0,0,0,0,0,0,0,0,0,0,0,0,0,0,0,0
Eukaryota,Metazoa,Chordata,Actinopteri,Acanthuriformes,Acanthuridae,Acanthurus,Acanthurus triostegus,217,97.97372839506173,98.054,95.319,100,97.45094217024041,98,88,100,8.984089882326876e-106,6.16e-125,2.2899999999999997e-130,1.11e-102,0,0,0,0,0,0,0,0,5,3,1,0,63,3,4,0,0,0,0,0,0,0,0,11,0,0,0,0,57,0,0,0,0,0,27,0,7,0,0,0,0,0,0,0,0,15,34,0,0,0,0,0,1,0,0,0,0,0,0,0,0,0,0,0,0,0,0,0,2,0,0,0,0,2,0,0,0,0,0
Eukaryota,Metazoa,Echinodermata,Echinoidea,Diadematoida,Diadematidae,Diadema,Diadema savignyi,35,96.85608571428571,96.899,94.961,97.984,98.34285714285714,100,96,100,5.401321706594285e-114,8.27e-117,3.0800000000000004e-122,1.8199999999999997e-112,0,0,0,0,0,0,0,0,0,0,0,0,26,0,0,0,0,0,0,0,0,0,0,10,0,0,0,0,0,0,0,0,0,0,0,0,0,0,0,0,0,0,0,0,0,0,0,0,0,0,0,0,0,0,0,0,0,0,0,0,0,0,0,0,0,0,0,0,0,0,0,0,0,0,0,0,0,0,0
Eukaryota,Metazoa,Chordata,Actinopteri,Tetraodontiformes,Balistidae,Sufflamen,LCA_dropped,4,98.46974999999999,98.4675,97.719,99.225,98.75,99,97,100,4.555425e-125,6.065e-125,1.17e-127,6.08e-125,0,0,0,0,0,0,0,0,0,0,0,0,4,0,1,0,0,0,0,0,0,0,0,0,0,0,0,0,0,0,0,0,0,0,0,0,1,0,0,0,0,0,0,0,0,0,0,0,0,0,0,0,0,0,0,0,0,0,0,0,0,0,0,0,0,0,0,0,0,0,0,0,0,0,0,0,0,0,0
Eukaryota,Metazoa,Chordata,Actinopteri,Labriformes,Labridae,Thalassoma,LCA_dropped,194,98.24790079893475,98.45,95.42,99.615,98.96271637816245,100,76,100,6.018648834886818e-88,4.99e-126,2.2699999999999996e-130,9.04e-85,0,0,0,0,0,0,4,5,26,0,1,15,40,4,18,2,0,1,21,0,0,0,0,8,12,0,0,0,0,0,0,0,0,1,68,2,0,0,0,0,0,0,0,0,0,0,0,0,0,0,27,0,0,0,0,0,0,0,0,0,0,0,0,0,0,0,0,0,0,0,0,0,0,0,0,0,0,0,0
Eukaryota,Metazoa,Chordata,Actinopteri,LCA_dropped,Pomacentridae,Plectroglyphidodon,LCA_dropped,18,97.12827777777778,97.059,96.296,98.127,99.11111111111111,100,97,100,1.1549379166666666e-122,7.59e-124,1.2e-127,1.1299999999999998e-121,0,0,0,0,0,0,0,0,2,0,0,0,8,0,1,0,0,0,0,0,0,3,0,0,0,0,0,0,0,1,0,0,0,0,0,0,0,0,0,0,0,0,0,0,0,0,0,0,0,0,9,0,0,0,0,0,0,0,0,0,0,0,0,0,0,0,0,0,0,0,0,0,0,0,0,0,0,0,1
Eukaryota,Metazoa,Arthropoda,Malacostraca,Decapoda,Penaeidae,Metapenaeopsis,Metapenaeopsis dalei,21,96.24802380952381,96.35900000000001,93.607,97.619,87.14285714285714,86,76,100,1.0321904761905132e-75,1.7800000000071e-76,1.02e-95,1.52e-74,0,0,0,0,0,0,0,0,0,0,0,0,0,23,0,0,0,0,0,0,0,0,0,0,0,0,0,0,0,0,0,0,0,0,0,0,0,0,0,0,0,0,0,0,0,0,0,0,0,0,0,0,0,0,0,0,0,0,0,0,0,0,0,0,0,0,0,0,0,0,0,0,0,0,0,0,0,0,0
Eukaryota,Metazoa,Arthropoda,Malacostraca,Decapoda,Alpheidae,Parabetaeus,Parabetaeus hummelincki,5,95.3,95.5,95,95.5,95,95,95,95,9.07e-86,1.65e-86,1.65e-86,2.02e-85,0,0,0,0,0,0,0,0,0,0,0,0,0,0,10,0,0,0,0,0,0,0,0,0,0,0,0,0,0,0,0,0,0,0,0,0,0,0,0,0,0,0,0,0,0,0,0,0,0,0,0,0,0,0,0,0,0,0,0,0,0,0,0,0,0,0,0,0,0,0,0,0,0,0,0,0,0,0,0
Eukaryota,Metazoa,Mollusca,Gastropoda,Neogastropoda,Conidae,Conus,Conus flavidus,2,95.44149999999999,95.673,94.258,96.154,100,100,100,100,2.940252133333333e-87,7.390000000000001e-91,1.74e-92,1.63e-86,0,0,0,0,0,0,0,0,0,0,0,0,0,0,0,4,0,0,0,0,0,0,0,0,0,0,0,0,0,0,0,0,0,0,0,0,0,0,0,0,0,0,0,0,0,0,0,0,0,0,0,0,0,0,0,0,0,0,0,0,0,0,0,0,0,0,0,0,0,0,0,0,0,0,0,0,0,0,0
Eukaryota,Metazoa,Chordata,Actinopteri,Labriformes,Labridae,Scarus,Scarus schlegeli,14,97.95882857142857,98.069,95.911,99.228,97.71428571428571,96,96,100,1.1505173527289614e-119,1.4699999999999999e-126,5.4599999999999996e-132,7.109999999999999e-118,0,0,0,0,0,0,0,0,0,0,0,0,0,0,0,0,2,0,0,0,0,0,0,0,0,0,0,0,0,0,0,0,0,0,0,0,0,0,0,5,0,0,0,0,0,0,0,0,0,0,0,0,0,0,0,0,0,0,0,0,0,0,0,0,0,0,0,0,0,0,0,1,0,0,0,0,0,8,0
Eukaryota,Metazoa,Cnidaria,Anthozoa,Scleractinia,Pocilloporidae,Stylophora,Stylophora pistillata,8,96.94941025641026,96.694,95.652,99.174,97.17948717948718,96,91,100,2.2974359372758537e-102,1.47e-113,5.449999999999999e-119,4.479999999999999e-101,0,0,0,0,0,0,2,0,0,0,0,0,0,0,0,0,8,0,0,0,0,0,0,0,0,0,0,0,0,0,0,0,0,0,0,0,0,0,0,0,0,0,0,0,0,0,0,0,0,0,0,0,0,0,0,0,0,0,0,0,0,0,0,0,0,0,0,0,0,0,0,0,0,0,0,0,0,0,0
Eukaryota,Metazoa,Arthropoda,Malacostraca,Decapoda,Portunidae,Thalamita,Thalamita gloriensis,50,90.6336,90.594,90.099,91.584,93,93,93,93,2.9636696e-72,6.34e-73,1.22e-75,7.73e-72,0,0,0,0,0,0,0,0,0,0,4,0,0,0,0,0,0,19,0,0,0,0,0,0,0,0,33,0,0,0,0,6,0,0,0,0,0,0,0,0,0,0,0,0,0,0,0,0,0,0,0,0,0,0,0,0,0,0,0,0,0,0,0,0,0,0,0,0,0,0,0,0,0,0,0,0,0,0,0
Eukaryota,Metazoa,Echinodermata,Holothuroidea,Aspidochirotida,Holothuriidae,Holothuria,Holothuria inhabilis,8,97.627375,97.571,96.682,98.507,96.875,95,95,100,2.9152395987500004e-92,3.4099999999999996e-95,6.589999999999999e-98,2.1500000000000003e-91,0,0,0,0,0,0,0,0,0,0,0,0,0,0,0,0,0,38,0,0,0,0,0,0,0,0,0,0,0,0,0,0,0,0,0,0,0,0,0,0,0,0,0,0,0,0,0,0,0,0,0,0,0,0,0,0,0,0,0,0,0,0,0,0,0,0,0,0,0,0,0,0,0,0,0,0,0,0,0
Eukaryota,Metazoa,Chordata,Actinopteri,Acanthuriformes,Acanthuridae,Acanthurus,LCA_dropped,2,97.2122,97.55600000000001,95.489,99.222,97.8,97,88,100,1.0724000011508676e-110,1.11e-121,4.15e-127,3.4099999999999997e-109,0,0,0,0,0,0,0,0,0,0,0,0,0,0,0,0,0,0,2,0,0,0,0,0,0,0,0,0,0,0,0,0,0,0,0,0,0,0,0,0,0,0,0,0,0,0,1,0,0,0,0,0,0,0,0,0,0,0,0,0,0,0,0,0,0,0,0,0,0,0,0,0,0,0,0,0,0,0,0
Eukaryota,Metazoa,Echinodermata,Holothuroidea,Aspidochirotida,Holothuriidae,Holothuria,Holothuria hilla,214,96.4110748768473,96.552,93.868,99.02,98.41773399014778,100,96,100,8.548684701531806e-89,5.0899999999999995e-93,5.459999999999999e-99,1.65e-86,0,0,0,0,0,0,0,0,0,0,67,0,1,0,0,0,0,0,0,0,0,138,0,0,0,0,0,0,0,0,0,0,0,0,0,0,0,0,0,0,0,0,0,0,0,0,60,0,0,0,0,0,0,0,0,0,0,0,0,0,0,0,0,0,0,0,0,0,0,0,0,0,0,0,0,0,0,0,0
Eukaryota,Metazoa,Arthropoda,Collembola,Entomobryomorpha,Entomobryidae,Seira,Seira brasiliana,3,94.80933333333333,95.425,92.899,96.104,94,91,91,100,3.2674e-63,6.61e-65,6.61e-65,9.67e-63,0,0,0,0,0,0,0,0,0,0,0,0,0,0,0,0,0,0,0,0,4,0,0,0,0,0,0,0,0,0,0,0,0,0,0,0,0,0,0,0,0,0,0,0,0,0,0,0,0,0,0,0,0,0,0,0,0,0,0,0,0,1,0,0,0,0,0,0,0,0,0,0,0,0,0,0,0,0,0
Eukaryota,Metazoa,Mollusca,Gastropoda,Trochida,Turbinidae,Turbo,Turbo petholatus,105,94.06962101910828,93.961,91.949,96.38,97.62420382165605,97,92,100,1.0011800350912737e-90,4.6799999999999997e-94,1.7399999999999998e-99,1.2499999999999999e-88,0,0,0,0,0,0,0,0,0,0,0,0,0,0,0,0,0,10,0,0,0,103,0,0,0,0,0,0,0,0,0,0,0,0,0,0,0,0,0,0,0,0,0,0,0,0,0,0,0,0,0,0,0,0,0,0,0,0,0,0,0,0,0,0,0,0,0,0,0,0,0,0,0,0,0,0,0,0,0
Eukaryota,Metazoa,Chordata,Lepidosauria,Squamata,Gekkonidae,Hemidactylus,Hemidactylus frenatus,74,96.93653598971723,96.818,95.455,98.585,99.79755784061696,100,96,100,1.929796605143316e-97,4.66e-100,2.11e-104,1.26e-94,0,0,0,0,0,0,0,0,0,0,0,0,0,0,0,0,0,0,0,0,0,0,0,485,0,0,0,0,0,0,0,0,0,0,0,0,0,0,0,0,0,0,0,0,0,0,0,0,0,0,0,0,0,0,0,0,0,0,0,0,0,0,0,0,0,0,0,0,0,0,0,0,0,0,0,0,0,0,0
Eukaryota,Metazoa,Arthropoda,Malacostraca,Decapoda,Palinuridae,Panulirus,Panulirus penicillatus,105,95.61582264799803,95.556,93.333,98.14,98.20191599115697,100,96,100,4.682950673864009e-93,8.640000000000001e-97,2.1699999999999998e-104,8.090000000000001e-91,0,0,0,0,0,0,0,0,0,0,0,0,0,0,0,0,0,0,0,0,0,0,0,111,0,0,0,0,0,0,0,0,0,0,0,0,0,0,0,0,0,0,0,0,0,0,0,0,0,0,0,0,0,0,0,0,0,0,0,0,0,0,0,0,0,0,0,0,0,0,0,0,0,0,0,0,0,0,0
Eukaryota,Metazoa,Chordata,Mammalia,Carnivora,Felidae,Felis,Felis silvestris,30,97.8606423076923,97.674,96.708,100,96.92307692307692,100,79,100,4.671600225388412e-95,4e-114,6.339999999999999e-118,5.95e-93,0,0,0,0,0,0,0,0,0,0,0,0,0,0,0,0,0,0,0,0,0,0,0,0,0,0,27,0,0,0,0,21,0,0,0,0,0,0,0,0,0,0,0,0,0,0,0,0,0,0,0,0,0,0,0,0,0,0,0,0,0,0,0,0,0,0,0,0,0,0,0,0,0,0,0,0,0,0,0
Eukaryota,Metazoa,Chordata,Actinopteri,Blenniiformes,Blenniidae,Blenniella,Blenniella chrysospilos,33,98.37924242424242,98.496,96.617,99.617,98.72727272727273,98,97,100,1.0120846602424242e-123,1.19e-127,2.2899999999999997e-130,3.19e-122,0,0,0,0,0,0,1,0,0,1,0,0,2,1,0,0,0,0,1,0,0,0,0,0,0,0,6,0,0,0,0,0,0,0,0,0,0,0,0,0,0,0,0,0,0,0,0,0,0,0,0,0,24,0,0,0,0,0,0,0,0,0,0,0,0,0,0,0,0,0,0,0,0,2,0,0,0,0,0
Eukaryota,Metazoa,Chordata,Mammalia,Primates,Hominidae,Homo,Homo heidelbergensis,27,97.1778707037037,97.107,95.455,99.573,98.78040740740741,100,96,100,1.5656172003895126e-107,7.21e-111,5.179999999999998e-119,1.5899999999999996e-106,0,0,0,0,0,0,0,0,0,0,0,0,0,0,0,0,0,0,0,0,0,0,0,0,0,0,2,0,18,0,0,0,0,0,0,0,0,1,0,0,0,0,0,3,0,0,0,0,0,1,3,0,0,0,0,0,4,0,0,0,0,0,0,0,0,0,0,0,0,0,0,0,0,0,0,0,0,0,0
Eukaryota,Metazoa,Mollusca,Gastropoda,Littorinimorpha,Strombidae,Lambis,Lambis lambis,43,95.53479069767442,95.694,93.689,96.985,97.6046511627907,98,95,100,6.205594063769768e-86,1.0999999999999999e-88,4.1099999999999997e-94,2.42e-84,0,0,0,0,0,0,0,0,0,0,0,0,0,0,0,1,0,0,0,0,0,0,0,0,0,0,0,0,0,0,90,0,0,0,0,0,0,0,0,0,0,0,0,0,0,0,0,0,0,0,0,0,0,0,0,0,0,0,0,0,0,0,0,0,0,0,0,0,0,0,0,0,0,0,0,0,0,0,0
Eukaryota,Metazoa,Mollusca,Gastropoda,Trochida,Turbinidae,Turbo,Turbo setosus,76,91.11369736842106,91.107,90,92.14,96.21052631578948,96,94,100,6.985422536842106e-83,6.57e-86,1.27e-88,5.07e-81,0,0,0,0,0,0,0,1,0,0,0,0,0,0,0,0,0,0,0,0,0,0,0,0,0,0,0,0,0,0,100,0,0,0,0,0,0,0,0,0,0,0,0,0,0,0,0,0,0,0,0,0,0,0,0,0,0,0,0,0,0,0,0,0,0,0,0,0,0,0,0,0,0,0,0,0,0,0,0
Eukaryota,Metazoa,Arthropoda,Malacostraca,Decapoda,Xanthidae,Neoliomera,Neoliomera striata,7,90.25585714285714,90.291,90.045,90.291,94,93,93,100,4.5771457e-74,5.34e-74,1.99e-79,5.34e-74,0,0,0,0,0,0,0,0,3,0,0,0,0,0,0,0,0,0,0,0,0,0,0,0,0,0,0,0,0,0,0,4,0,0,0,0,0,0,0,0,0,0,0,0,0,0,0,0,0,0,1,0,0,0,0,0,0,0,0,0,0,0,0,0,0,0,0,0,0,0,0,0,0,0,0,0,0,0,0
Eukaryota,Metazoa,Echinodermata,Holothuroidea,Dendrochirotida,Phyllophoridae,Phyrella,Phyrella mookiei,51,95.08711764705882,94.977,93.088,97.03,98.29411764705883,100,92,100,1.0406726477568626e-88,7.68e-91,2.8599999999999996e-96,1.3999999999999998e-87,0,0,0,0,0,0,0,0,0,0,58,0,0,0,0,7,0,28,0,0,0,0,0,0,0,0,0,0,0,0,0,27,0,0,0,0,0,0,0,0,0,0,0,0,0,0,0,0,0,0,0,0,0,0,0,0,0,0,0,0,0,0,0,0,0,0,0,0,0,0,0,0,0,0,0,0,0,0,0
Eukaryota,Metazoa,Chordata,Actinopteri,Labriformes,Labridae,Anampses,LCA_dropped,63,98.69883673469387,98.824,95.833,100,94.89795918367346,97,76,100,2.520068027210884e-98,1.75e-125,2.77e-129,3.6099999999999996e-96,0,0,0,0,0,0,0,0,0,1,0,1,0,0,0,0,0,0,5,0,0,0,0,0,0,0,0,0,0,0,0,0,0,0,83,0,0,0,0,0,0,0,1,0,0,0,0,0,0,0,0,0,0,0,0,0,0,0,0,0,0,0,0,0,0,0,0,0,0,0,0,0,0,0,0,0,0,0,0
Eukaryota,Metazoa,Chordata,Actinopteri,Acanthuriformes,Acanthuridae,Acanthurus,Acanthurus lineatus,101,98.44443894389438,98.444,96.617,100,98.46534653465346,98,97,100,1.8184159503221406e-122,1.45e-126,4.4299999999999994e-133,4.73e-120,0,0,0,0,0,0,0,1,2,0,0,2,2,0,9,0,0,0,2,0,0,0,0,0,2,2,0,1,0,0,0,0,0,0,37,38,0,0,0,0,0,4,0,0,0,0,3,0,0,0,3,0,0,0,0,0,0,0,0,0,0,0,0,0,0,0,0,0,0,0,0,0,0,0,0,0,0,0,0
Eukaryota,Metazoa,Cnidaria,Anthozoa,Scleractinia,Merulinidae,Paragoniastrea,Paragoniastrea australensis,5,97.02091122715404,96.46,94.667,99.535,93.79634464751958,95,79,99,5.50826170835584e-82,4.119999999999999e-101,1.83e-105,2.0900000000000003e-79,0,0,0,0,0,0,2,1,1,1,0,0,3,0,0,0,0,0,1,0,0,1,0,1,0,0,0,2,0,0,0,0,0,0,6,0,0,1,0,0,0,2,0,2,0,0,4,0,7,0,0,0,0,0,0,0,0,0,0,0,0,0,0,0,0,0,0,1,0,0,0,0,0,0,0,0,0,2,0
Eukaryota,Metazoa,Chordata,Actinopteri,Lutjaniformes,Lutjanidae,Pterocaesio,LCA_dropped,10,98.280175,98.127,97.004,100,95.95,100,76,100,2.3385625e-99,1.77e-125,8.039999999999999e-130,8.6e-98,0,0,0,0,0,0,0,0,0,0,0,0,0,0,0,0,0,0,0,0,0,0,0,0,0,0,0,0,0,0,0,0,0,0,0,20,0,0,0,0,0,0,0,0,0,0,0,0,0,0,0,0,0,0,0,0,0,0,0,0,0,0,0,0,0,0,0,0,0,0,0,0,0,0,0,0,0,0,0
Eukaryota,Metazoa,Chordata,Actinopteri,Labriformes,Labridae,Thalassoma,Thalassoma quinquevittatum,7,97.57683561643836,97.628,96.183,100,96.91780821917808,100,76,100,1.8575342465753426e-93,1.0899999999999999e-121,7.869999999999999e-130,2.26e-92,0,0,0,0,0,0,0,0,0,0,0,0,0,0,0,0,0,0,0,0,0,0,0,0,0,0,0,0,0,0,0,0,0,0,0,28,0,0,0,0,0,0,0,0,0,0,0,0,0,0,0,0,0,0,0,0,0,0,0,0,0,0,0,0,0,0,0,0,0,0,0,0,0,0,0,0,0,0,0
Eukaryota,Metazoa,Arthropoda,Malacostraca,Decapoda,Diogenidae,Ciliopagurus,Ciliopagurus strigatus,25,96.2936,96.226,93.868,97.97,96.64,100,93,100,5.9990375599999995e-89,2.64e-90,1.2e-94,1.3699999999999999e-87,0,0,0,0,0,0,0,0,0,0,0,0,0,0,0,0,0,0,0,0,0,0,0,0,0,0,0,0,0,0,0,0,0,0,0,0,0,48,0,0,0,0,0,0,0,0,0,0,0,0,0,0,0,0,0,0,0,0,0,0,0,0,0,0,0,0,0,0,0,0,0,0,0,0,0,0,0,0,0
Eukaryota,Metazoa,Chordata,Actinopteri,Tetraodontiformes,Balistidae,Rhinecanthus,Rhinecanthus rectangulus,29,97.81973548387097,97.744,96.241,99.611,97.88387096774194,97,97,100,2.7493999693376125e-120,9.140000000000001e-123,2.7899999999999996e-129,2e-118,0,0,0,0,0,0,0,0,0,0,0,0,9,0,0,0,0,0,0,0,0,0,0,0,0,0,0,1,0,0,0,1,0,0,0,0,0,0,0,0,0,0,21,0,0,0,3,0,0,0,0,0,0,0,0,0,0,0,0,0,0,0,0,0,0,0,0,0,1,0,0,0,0,0,0,0,0,0,0
Eukaryota,Metazoa,Echinodermata,Holothuroidea,Aspidochirotida,Holothuriidae,Holothuria,Holothuria arenicola,59,96.85007457627118,96.859,93.689,98.953,94.66101694915254,93,93,100,1.1711216188437288e-83,4.609999999999999e-87,2.0900000000000002e-91,1.24e-81,0,0,0,0,0,0,0,0,0,0,0,0,0,0,0,0,0,0,0,0,0,0,0,0,0,0,0,0,0,0,0,0,0,0,0,0,0,0,0,0,0,0,0,0,0,0,72,0,0,0,0,0,0,0,0,0,0,0,0,0,0,0,0,0,0,0,0,0,0,0,0,0,0,0,0,0,0,0,0
Eukaryota,Metazoa,Chordata,Actinopteri,Tetraodontiformes,Balistidae,Sufflamen,Sufflamen bursa,27,98.30214814814815,98.099,97.338,99.612,99.25925925925925,100,97,100,1.614063268888889e-123,4.99e-126,9.629999999999998e-129,3.1400000000000003e-122,0,0,0,0,0,0,0,1,0,0,0,0,19,0,0,0,0,0,0,0,0,0,0,0,0,0,0,0,0,0,0,0,0,0,0,0,0,0,0,0,0,0,0,0,0,0,30,0,0,0,0,0,0,1,0,0,0,0,0,0,0,0,0,0,0,0,0,0,0,0,0,0,0,0,0,0,0,0,0
Eukaryota,Metazoa,Chordata,Actinopteri,Gobiiformes,Gobiidae,Eviota,Eviota guttata,59,92.09075308641975,92.453,89.595,93.846,89.17283950617283,97,62,100,1.4392387654320986e-58,3.1799999999999997e-103,1.18e-108,4.4299999999999997e-57,0,0,0,0,0,0,0,0,0,0,0,0,0,0,0,0,0,0,0,0,0,0,0,7,0,0,0,0,0,0,0,0,0,0,0,0,0,0,0,0,0,0,0,0,0,0,0,0,0,53,0,0,0,0,0,0,0,0,0,0,0,0,0,1,0,0,0,0,0,0,0,0,0,0,0,0,0,0,0
Eukaryota,Metazoa,Chordata,Actinopteri,Gobiiformes,Gobiidae,Ptereleotris,Ptereleotris microlepis,34,98.58388970588236,98.419,97.328,100,93.63970588235294,100,75,100,7.193514705882353e-97,2.11e-124,7.869999999999999e-130,4.36e-95,0,0,0,0,0,0,0,0,0,0,0,0,0,0,0,0,0,0,0,0,0,0,0,0,0,0,0,0,0,0,0,0,0,0,0,0,0,0,0,0,0,0,0,0,0,0,0,0,0,86,0,0,0,0,0,0,0,0,0,0,0,0,0,0,0,0,0,0,0,0,0,0,0,0,0,0,0,1,0
Eukaryota,Metazoa,Chordata,Actinopteri,Acanthuriformes,Acanthuridae,LCA_dropped,LCA_dropped,83,97.26105931695626,97.276,95.113,99.615,97.80766926303176,99,76,100,2.145955662073098e-90,3.19e-122,5.399999999999999e-132,1.7699999999999998e-87,0,0,0,0,0,0,0,0,1,0,0,7,0,0,0,0,1,0,12,9,0,0,0,0,0,0,0,0,0,0,0,0,0,0,0,0,0,0,0,0,0,0,0,0,0,0,0,0,0,0,7,0,0,0,0,0,0,0,0,0,0,52,0,0,0,0,0,0,0,0,0,0,0,0,0,0,0,0,0
Eukaryota,Metazoa,Chordata,Actinopteri,Cichliformes,Cichlidae,Oreochromis,LCA_dropped,7,97.34031034482759,97.358,96.226,99.245,96.98620689655172,100,57,100,7.40888275862069e-71,2.18e-124,1.57e-132,5.15e-69,0,1,0,0,0,0,0,0,0,0,0,0,1,0,0,0,0,0,0,0,0,0,1,0,0,0,0,0,0,0,0,0,0,0,0,0,0,0,0,0,0,0,3,0,1,0,0,0,0,0,0,0,0,0,0,0,0,0,0,0,0,0,0,0,0,0,0,0,0,0,0,0,0,0,0,0,0,0,0
Eukaryota,Metazoa,Chordata,Actinopteri,Syngnathiformes,Mullidae,Mulloidichthys,LCA_dropped,13,98.01007692307692,98.113,96.981,98.868,99.46153846153847,100,97,100,2.372316369826923e-123,5.03e-126,7.969999999999999e-130,1.11e-121,0,0,0,0,1,0,0,0,0,0,0,0,6,0,0,1,0,0,5,0,0,0,0,0,0,0,0,0,0,0,0,0,0,0,0,0,0,0,0,0,0,0,0,0,0,0,0,0,0,0,6,0,0,0,0,0,0,0,0,0,0,0,0,0,0,0,0,0,0,0,0,0,0,0,0,0,0,0,0
Eukaryota,Metazoa,Chordata,Actinopteri,Blenniiformes,Blenniidae,Cirripectes,Cirripectes polyzona,4,98.58925,98.513,98.467,98.864,98.75,99,97,100,3.6824079999999997e-127,1.4482999999999998e-129,6.659999999999999e-131,1.4699999999999999e-126,0,0,1,0,0,0,0,0,0,0,0,0,0,0,0,0,0,0,0,0,0,0,0,0,0,0,0,0,0,0,0,0,0,0,0,0,0,0,0,0,0,0,0,0,0,1,0,0,0,0,1,0,0,0,0,0,0,0,0,0,0,0,0,0,0,0,0,0,0,0,0,0,0,0,0,0,0,0,1
Eukaryota,Metazoa,Chordata,Actinopteri,Acanthuriformes,Acanthuridae,Naso,LCA_dropped,65,97.9517303877367,98.084,95.131,100,98.0892696122633,98,88,100,3.343571274152599e-113,1.77e-125,6.599999999999999e-131,8.01e-111,0,0,1,0,0,0,0,0,1,0,2,0,6,0,2,0,0,1,1,0,0,3,0,12,0,0,1,1,0,0,0,0,11,0,2,0,0,0,0,0,0,0,0,0,0,0,0,0,0,20,0,0,0,0,0,1,0,0,0,0,0,0,0,0,0,0,0,0,0,0,7,0,0,0,0,0,0,0,0
Eukaryota,Metazoa,Cnidaria,Anthozoa,Scleractinia,Pocilloporidae,Seriatopora,Seriatopora hystrix,4,93.26773529411764,92.9995,90.041,97.934,94.61764705882354,96,72,100,8.735294127941176e-67,1.3000000002200002e-91,1.46e-113,2.97e-65,0,0,0,0,0,0,1,0,0,0,0,1,0,0,0,0,0,0,0,0,0,2,0,0,0,0,0,0,0,0,0,0,0,0,0,0,0,0,0,0,0,0,0,0,0,0,0,0,0,0,0,0,0,0,0,0,0,0,0,0,0,0,0,0,0,0,0,0,0,0,0,0,0,0,0,0,0,0,0
Eukaryota,Metazoa,Echinodermata,Holothuroidea,Aspidochirotida,Holothuriidae,Actinopyga,Actinopyga mauritiana,23,96.50921568627452,96.517,94.444,98.507,94.6470588235294,93,93,100,1.2470223769017883e-86,1.8199999999999998e-92,8.24e-97,7.190000000000001e-85,0,0,0,0,0,0,0,1,5,0,21,0,0,0,0,0,0,0,0,0,0,0,0,0,0,0,0,0,0,0,0,0,0,0,0,0,0,0,0,0,0,0,0,0,0,0,0,0,0,0,0,0,0,0,0,0,0,0,0,0,0,0,0,0,0,0,0,0,0,0,0,0,0,0,0,0,0,0,0
Eukaryota,Metazoa,Chordata,Actinopteri,Syngnathiformes,Mullidae,Parupeneus,Parupeneus cyclostomus,3,97.744,97.744,97.368,98.12,100,100,100,100,2.1056333333333333e-125,1.45e-126,1.19e-127,6.16e-125,0,0,0,0,0,0,0,1,0,0,0,0,7,0,0,0,0,0,0,0,0,0,0,0,0,0,0,0,0,0,0,0,0,0,0,0,0,0,0,0,0,0,0,0,0,0,0,0,0,0,0,0,0,0,0,0,0,0,0,0,0,0,0,0,0,0,0,0,0,0,0,0,0,0,0,0,0,0,0
Eukaryota,Metazoa,Chordata,Actinopteri,Lutjaniformes,Lutjanidae,Lutjanus,Lutjanus bohar,7,98.12630952380952,98.12,96.992,99.505,97.60714285714286,100,76,100,8.577380952380953e-99,1.45e-126,2.7899999999999996e-129,2.99e-97,0,0,0,0,0,0,0,1,0,0,0,0,0,0,2,0,0,0,0,0,0,0,0,0,0,0,0,0,0,0,0,0,0,0,0,0,0,0,0,0,0,0,0,4,0,0,0,0,0,0,0,0,0,0,0,0,0,0,0,0,0,0,0,0,0,0,0,0,0,0,0,0,0,0,0,0,0,0,0
Eukaryota,Metazoa,Arthropoda,Insecta,Coleoptera,Heteroceridae,Tropicus,Tropicus pusillus,3,96.75866666666667,96,95.855,98.421,97.33333333333333,97,95,100,7.701319999999999e-85,3.6599999999999996e-88,2.9999999999999996e-89,2.3099999999999998e-84,0,0,0,0,0,0,0,1,0,0,0,0,0,0,0,0,0,0,0,8,0,0,0,0,0,0,0,0,0,0,0,0,0,0,2,0,0,0,0,0,0,0,0,0,0,0,0,2,0,0,0,0,0,0,0,0,0,0,0,0,0,0,0,0,0,0,0,0,0,0,0,0,0,0,0,0,0,0,0
Eukaryota,Metazoa,Chordata,Actinopteri,Acanthuriformes,Acanthuridae,Acanthurus,Acanthurus nigricauda,30,97.26351523178808,97.276,95.489,99.611,97.38543046357616,97,76,100,2.619867549668874e-90,1.11e-121,2.2899999999999997e-130,1.7699999999999998e-87,0,0,0,0,0,0,0,1,3,0,0,0,0,1,0,0,4,0,4,0,0,0,0,0,17,0,0,0,0,0,0,0,0,0,0,0,0,0,0,0,0,0,0,0,0,0,0,0,0,0,0,0,0,0,0,0,0,0,0,0,0,0,0,0,0,0,0,0,0,0,0,0,0,0,0,0,0,0,0
Eukaryota,Metazoa,Mollusca,Bivalvia,Cardiida,Cardiidae,Fragum,Fragum mundum,18,93.01013580246914,90.062,89.441,98.75,93.49382716049382,93,93,98,2.7000444444444444e-53,4.019999999999999e-55,1.14e-74,2.08e-52,0,0,0,0,0,0,0,3,1,0,0,3,8,0,0,0,0,0,0,0,0,0,0,3,0,0,1,0,0,0,0,0,0,0,0,1,0,0,0,6,0,0,0,0,0,0,1,0,0,0,0,0,0,0,0,0,0,0,0,0,0,0,0,0,0,0,0,0,0,0,0,0,0,0,0,0,0,0,0
Eukaryota,Fungi,Ascomycota,Pezizomycetes,Pezizales,Pezizaceae,LCA_dropped,LCA_dropped,2,92.12325,92.123,91.781,92.466,100,100,100,100,9.651e-117,2.7200000000000003e-117,6.399999999999999e-119,3.31e-116,0,0,0,0,0,0,0,1,0,1,0,0,0,0,0,0,0,0,0,0,0,0,0,0,0,0,0,0,0,0,0,0,0,0,0,0,0,0,0,0,0,0,0,0,0,0,0,0,0,0,0,0,0,0,0,0,0,0,0,0,0,0,0,0,0,0,0,0,0,0,0,0,0,0,0,0,0,0,0
Eukaryota,Metazoa,Chordata,Actinopteri,Tetraodontiformes,Balistidae,Melichthys,Melichthys vidua,20,98.17607142857143,98.024,96.482,99.605,95.0952380952381,96,76,97,6.809523809523809e-90,1.34e-120,4.99e-126,1.43e-88,0,0,0,0,0,0,0,0,4,3,4,9,0,0,0,0,3,0,0,0,0,11,1,0,0,0,0,0,0,0,0,0,22,0,0,0,0,34,6,0,0,0,0,0,0,0,0,0,0,0,0,0,0,0,0,0,0,0,0,0,0,0,0,0,0,0,0,0,0,0,0,0,0,0,0,0,0,0,0
Eukaryota,Metazoa,Mollusca,Gastropoda,Neogastropoda,Muricidae,Sistrum,LCA_dropped,6,95.562,95.2645,94.949,96.923,98.16666666666667,98,96,100,4.5740533333333333e-85,9.826500000000001e-86,3.72e-88,2.35e-84,0,0,0,0,0,0,0,0,17,0,0,0,1,0,0,0,0,0,0,0,0,0,0,1,0,0,0,0,0,0,0,0,0,0,0,0,0,0,0,0,0,0,0,0,0,0,0,0,0,0,0,0,0,0,0,0,0,0,0,0,0,0,0,0,0,0,0,0,0,0,0,0,0,0,0,0,0,0,0
Eukaryota,Metazoa,Chordata,Actinopteri,Labriformes,Labridae,Chlorurus,LCA_dropped,35,97.56448148148148,97.398,95.539,100,97.51851851851852,100,76,100,5.094197173897707e-96,6.18e-125,1.9e-131,1.91e-93,0,0,0,0,0,0,0,0,6,3,6,0,0,0,3,0,0,0,1,0,0,0,0,3,1,0,0,0,0,0,0,0,0,0,19,0,0,0,0,8,0,0,0,0,5,0,0,0,0,0,5,0,0,0,0,0,0,0,0,0,0,0,0,0,0,0,0,0,0,0,0,0,0,0,0,0,0,0,0
Eukaryota,Metazoa,Chordata,Actinopteri,LCA_dropped,Pomacanthidae,Pomacanthus,Pomacanthus imperator,10,98.3304,98.28200000000001,97.368,99.234,98.7,99,97,100,3.5802479e-125,9.325e-127,2.7899999999999996e-129,2.15e-124,0,0,0,0,0,0,0,0,4,0,1,0,14,0,0,0,0,0,0,0,0,0,0,0,0,0,0,0,0,0,0,0,0,0,0,0,0,0,0,0,0,0,0,0,0,0,0,0,0,0,0,0,0,0,0,0,0,0,0,0,0,0,0,0,0,0,0,0,0,0,0,0,0,0,0,0,0,0,0
Eukaryota,Metazoa,Chordata,Actinopteri,Blenniiformes,Blenniidae,Cirripectes,Cirripectes quagga,4,98.225,98.148,98.113,98.491,99,99,98,100,1.0838699999999998e-127,5.366999999999999e-129,8.14e-130,4.22e-127,0,0,0,0,0,0,1,0,1,0,2,0,0,0,0,0,0,0,0,0,0,0,0,0,0,0,0,1,0,0,0,0,0,0,0,0,0,0,0,0,0,0,0,0,0,0,0,0,0,0,0,0,0,0,0,0,0,0,0,0,0,0,0,0,0,0,0,0,0,0,0,0,0,0,0,0,0,0,0
Eukaryota,Metazoa,Chordata,Mammalia,Primates,Hominidae,Gorilla,LCA_dropped,20,90.12441611082606,90.083,88.75,91.632,97.91174961518728,98,50,100,5.393530000757462e-41,1.5899999999999997e-87,5.92e-93,1.3999999999999998e-37,0,0,0,0,0,0,0,0,1,0,0,0,0,0,0,0,0,0,0,0,0,1,0,0,0,0,0,0,0,0,0,0,3,0,0,0,0,0,0,0,0,0,0,0,0,2,0,0,0,0,0,0,0,0,0,0,0,0,0,0,0,0,0,0,0,0,0,0,0,0,0,0,0,0,0,0,0,14,0
Eukaryota,Metazoa,Echinodermata,Echinoidea,Diadematoida,Diadematidae,Echinothrix,Echinothrix calamaris,1,97.61276923076923,97.628,96.414,98.024,95.98717948717949,96,95,96,7.464787538461538e-115,1.99e-118,1.6299999999999997e-119,5.33e-113,0,0,0,0,0,0,0,0,1,0,0,0,0,0,0,0,0,0,0,0,0,0,0,0,0,0,0,0,0,0,0,0,0,0,0,0,0,0,0,0,0,0,0,0,0,0,0,0,0,0,0,0,0,0,0,0,0,0,0,0,0,0,0,0,0,0,0,0,0,0,0,0,0,0,0,0,0,0,0
Eukaryota,Metazoa,Mollusca,Gastropoda,LCA_dropped,Cerithiidae,Cerithium,Cerithium echinatum,1,95.192,95.192,95.192,95.192,100,100,100,100,9e-90,9e-90,9e-90,9e-90,0,0,0,0,0,0,0,0,1,0,0,0,0,0,0,0,0,0,0,0,0,0,0,0,0,0,0,0,0,0,0,0,0,0,0,0,0,0,0,0,0,0,0,0,0,0,0,0,0,0,0,0,0,0,0,0,0,0,0,0,0,0,0,0,0,0,0,0,0,0,0,0,0,0,0,0,0,0,0
Eukaryota,Metazoa,Chordata,Actinopteri,LCA_dropped,Pomacentridae,Chrysiptera,Chrysiptera brownriggii,2,98.6712,98.601,97.902,99.301,100,100,100,100,4.3810743599999997e-138,4.209999999999999e-140,8.119999999999999e-143,2.18e-137,0,0,0,0,0,0,0,0,1,0,0,0,0,0,0,0,0,0,0,0,0,0,0,0,0,0,0,0,0,0,0,0,0,0,0,0,0,0,0,0,0,0,0,0,0,0,0,0,0,0,0,0,1,0,0,0,0,0,0,0,0,0,0,0,0,0,0,0,0,0,0,0,0,0,0,0,0,0,0
Eukaryota,Metazoa,Chordata,Actinopteri,Labriformes,Labridae,Halichoeres,Halichoeres marginatus,6,98.42516666666667,98.22800000000001,97.638,99.213,97,97,97,97,9.078424666666666e-121,1.9650999999999997e-121,1.7399999999999999e-125,4.67e-120,0,0,0,0,0,0,0,0,9,0,0,0,0,0,3,0,0,0,0,0,0,0,0,0,0,0,0,0,0,0,0,0,0,0,0,0,0,0,0,0,0,0,0,0,0,0,0,0,0,0,12,0,0,0,0,0,0,0,0,0,0,0,0,0,0,0,0,0,0,0,0,0,0,0,0,0,0,0,0
Eukaryota,Metazoa,Chordata,Actinopteri,Tetraodontiformes,Balistidae,LCA_dropped,LCA_dropped,1,99.219,99.219,99.219,99.219,97,97,97,97,1.4399999999999998e-126,1.4399999999999998e-126,1.4399999999999998e-126,1.4399999999999998e-126,0,0,0,0,0,0,0,0,2,0,0,0,0,0,1,0,0,0,0,0,0,0,0,0,0,0,0,0,0,0,0,0,0,0,0,0,0,0,0,0,0,0,0,0,0,0,6,0,0,0,1,0,0,0,0,0,0,0,0,0,0,1,0,0,0,0,0,0,0,0,0,0,0,0,0,0,0,0,0
Eukaryota,Metazoa,Chordata,Actinopteri,Centrarchiformes,Kyphosidae,Kyphosus,LCA_dropped,23,97.45282676518883,97.368,95.489,99.611,99.02052545155993,100,96,100,4.8907647702112996e-120,7.5e-124,2.2899999999999997e-130,2.4500000000000002e-117,0,0,0,0,0,0,0,0,4,0,0,0,3,1,5,0,0,0,2,0,0,0,0,2,0,0,0,0,0,0,0,0,0,0,0,0,0,0,0,0,0,0,0,0,0,0,0,0,0,0,12,0,0,0,0,0,0,0,0,0,0,0,0,0,0,0,0,0,0,0,0,0,0,0,0,0,0,0,0
Eukaryota,Metazoa,Cnidaria,Anthozoa,Scleractinia,Astrocoeniidae,Stylocoeniella,Stylocoeniella guentheri,1,89.01525,89.083,88.095,90.254,95.58333333333333,95,91,100,2.0034142166666663e-83,1.91e-86,1.29e-88,1.1999999999999999e-82,0,0,0,0,0,0,1,0,8,9,1,0,2,0,10,0,0,1,0,0,0,1,0,0,0,0,0,0,0,0,0,0,0,0,4,1,0,0,0,0,0,0,0,0,0,0,0,0,0,0,0,0,0,0,0,0,0,0,0,0,0,0,0,0,0,0,0,0,0,0,0,0,0,0,0,0,0,1,0
Eukaryota,Metazoa,Mollusca,Gastropoda,Littorinimorpha,Vermetidae,Dendropoma,Dendropoma platypus,9,90.45155555555556,90.27,90.217,90.811,95.77777777777777,95,95,100,5.813511503333334e-63,9.480000000000001e-64,3.5299999999999997e-69,4.03e-62,0,0,0,0,0,0,0,0,3,0,0,0,7,0,0,0,1,0,0,0,0,0,0,1,0,0,0,0,0,0,0,0,0,0,0,0,0,0,0,0,0,0,0,0,0,0,0,0,0,0,0,0,0,0,0,0,0,0,0,0,0,0,0,0,0,0,0,0,0,0,0,0,0,0,0,0,0,0,0
Eukaryota,Metazoa,Annelida,Polychaeta,Spionida,Spionidae,Dipolydora,Dipolydora armata,14,92.24214285714285,92.1905,90.533,94.118,99.42857142857143,100,95,100,3.4052290977142854e-61,3.47e-62,3.6799999999999997e-68,1.48e-60,0,0,0,0,0,0,0,0,4,0,0,0,7,0,1,0,0,0,0,0,0,1,0,0,0,0,0,0,0,0,0,0,0,0,0,0,0,0,0,0,0,0,0,0,0,0,0,0,0,0,0,0,0,0,0,0,0,0,0,0,0,0,0,0,0,0,0,11,0,0,0,0,0,0,0,0,0,0,0
Eukaryota,Metazoa,Chordata,Mammalia,Primates,Hominidae,Gorilla,Gorilla beringei,5,89.57014640883978,89.451,88.435,91.561,96.66298342541437,98,50,100,3.0969856593040637e-40,8.230000000000001e-85,7.21e-92,1.3999999999999998e-37,0,0,0,0,0,0,0,0,1,0,0,0,0,0,0,0,0,0,0,0,0,0,0,0,0,0,0,0,0,0,0,0,1,0,0,0,0,0,0,0,0,0,0,1,0,0,0,0,0,0,0,0,0,0,0,0,0,0,0,0,0,0,0,0,0,0,0,0,0,0,0,0,0,0,0,0,0,2,0
Eukaryota,Metazoa,Chordata,Actinopteri,Blenniiformes,Blenniidae,Rhabdoblennius,Rhabdoblennius snowi,7,99.04414285714286,98.864,98.456,99.531,96.42857142857143,98,90,100,1.4037142857142855e-103,1.4399999999999998e-126,2.77e-129,9.599999999999999e-103,0,0,0,0,0,0,0,0,2,1,0,0,0,0,0,0,0,0,0,0,0,0,0,0,0,0,0,0,0,0,0,0,0,0,0,0,0,0,0,0,0,0,0,0,0,10,0,0,0,0,0,0,0,0,0,0,0,0,0,0,2,0,0,0,0,0,0,0,0,0,0,0,0,0,0,0,0,0,0
Eukaryota,Metazoa,Chordata,Actinopteri,Spariformes,Lethrinidae,Monotaxis,Monotaxis grandoculis,2,99.0295,98.846,98.846,99.58,94,96,88,96,1.7850000031649998e-118,4.22e-127,4.22e-127,7.139999999999999e-118,0,0,0,0,0,0,0,0,1,0,1,0,0,0,0,0,0,0,0,0,0,0,0,0,0,0,0,0,0,0,0,0,0,0,0,0,0,0,0,0,0,0,0,0,0,0,0,0,0,0,0,0,0,0,0,0,0,0,0,0,0,0,0,0,0,0,0,0,0,0,0,0,0,0,0,0,0,0,0
Eukaryota,Metazoa,Chordata,Actinopteri,Labriformes,Labridae,Labroides,Labroides bicolor,1,97.338,97.338,97.338,97.338,100,100,100,100,2.5800000000000003e-123,2.5800000000000003e-123,2.5800000000000003e-123,2.5800000000000003e-123,0,0,0,0,0,0,0,0,1,0,0,0,0,0,0,0,0,0,0,0,0,0,0,0,0,0,0,0,0,0,0,0,0,0,0,0,0,0,0,0,0,0,0,0,0,0,0,0,0,0,0,0,0,0,0,0,0,0,0,0,0,0,0,0,0,0,0,0,0,0,0,0,0,0,0,0,0,0,0
Eukaryota,Metazoa,Chordata,Actinopteri,Labriformes,Labridae,Scarus,LCA_dropped,27,97.2910825,97.287,94.634,100,96.95625,96,57,100,9.474999999999998e-70,3.22e-122,2.3099999999999997e-130,7.579999999999999e-67,0,0,0,0,0,0,0,0,1,0,0,0,4,1,0,1,1,0,7,0,0,0,0,0,4,0,0,0,1,0,2,1,0,0,0,0,3,0,0,0,0,0,0,10,0,0,0,0,0,0,0,0,0,0,0,0,0,0,0,0,0,0,0,0,0,0,0,0,0,0,0,0,2,0,0,0,0,0,0
Eukaryota,Metazoa,Mollusca,Gastropoda,LCA_dropped,Cerithiidae,Cerithium,Cerithium atromarginatum,6,96.578,96.55250000000001,95.652,97.475,98.66666666666667,100,96,100,2.0626193333333333e-90,3.9765000000000003e-91,1.16e-94,8.95e-90,0,0,0,0,0,0,0,0,0,20,0,0,0,0,0,0,0,0,0,0,0,0,0,0,0,0,0,0,0,0,0,0,0,0,0,0,0,0,0,0,0,0,0,0,0,0,0,0,0,0,0,0,0,0,0,0,0,0,0,0,0,0,0,0,0,0,0,0,0,0,0,0,0,0,0,0,0,0,0
Eukaryota,Metazoa,Mollusca,Gastropoda,Neogastropoda,Conidae,Conus,LCA_dropped,20,96.10391842105263,96.135,93.269,97.97,97.8,99,95,100,1.0182345236026315e-85,3.1299999999999997e-89,4.95e-93,2.93e-83,0,0,0,0,0,0,0,0,0,2,0,0,22,0,0,0,0,0,0,0,0,0,0,0,0,0,0,0,0,0,0,0,0,0,0,0,0,0,0,0,0,0,0,0,0,0,0,0,0,0,0,0,0,0,0,0,0,0,0,0,0,0,0,0,0,0,0,0,0,0,0,0,0,0,0,0,0,0,0
Eukaryota,Fungi,Ascomycota,Pezizomycetes,Pezizales,Morchellaceae,Morchella,Morchella esculenta,1,90.785,90.785,90.785,90.785,100,100,100,100,3.0999999999999995e-110,3.0999999999999995e-110,3.0999999999999995e-110,3.0999999999999995e-110,0,0,0,0,0,0,0,0,0,1,0,0,0,0,0,0,0,0,0,0,0,0,0,0,0,0,0,0,0,0,0,0,0,0,0,0,0,0,0,0,0,0,0,0,0,0,0,0,0,0,0,0,0,0,0,0,0,0,0,0,0,0,0,0,0,0,0,0,0,0,0,0,0,0,0,0,0,0,0
Eukaryota,Metazoa,Mollusca,Gastropoda,Lepetellida,Fissurellidae,Diodora,Diodora mus,8,91.016625,91.045,90.521,92.04,97.375,97,95,100,1.0510149999999999e-75,1.8015e-77,8.03e-78,4.16e-75,0,0,0,0,0,0,0,0,0,1,22,0,0,0,0,0,0,0,0,0,0,0,0,0,0,0,0,0,0,0,0,0,0,0,0,0,0,0,0,0,0,0,0,0,0,0,0,0,0,0,0,0,0,0,0,0,0,0,0,0,0,0,0,0,0,0,0,0,0,0,0,0,0,0,0,0,0,0,0
Eukaryota,Metazoa,Chordata,Actinopteri,Gobiiformes,Gobiidae,Valenciennea,Valenciennea strigata,1,98.479,98.479,98.479,98.479,100,100,100,100,1.17e-127,1.17e-127,1.17e-127,1.17e-127,0,0,0,0,0,0,0,0,0,9,0,0,0,0,0,0,0,0,0,0,0,0,0,0,0,0,0,0,0,0,0,0,0,0,0,0,0,0,0,0,0,0,0,0,0,0,0,0,0,0,0,0,0,0,0,0,0,0,0,0,0,0,0,0,0,0,0,0,0,0,0,0,0,0,0,0,0,0,0
Eukaryota,Metazoa,Arthropoda,Thecostraca,Balanomorpha,Pyrgomatidae,Trevathana,LCA_dropped,2,93.298,93.31649999999999,92.5,94.059,85.5,95,57,95,1.1174999999999999e-43,3.393e-79,1.0499999999999999e-82,4.4699999999999995e-43,0,0,0,0,0,0,0,0,0,2,2,0,0,0,0,0,0,0,0,0,0,0,0,0,0,0,0,0,0,0,0,0,0,0,0,0,0,0,0,0,0,0,0,0,0,0,0,0,0,0,0,0,0,0,0,0,0,0,0,0,0,0,0,0,0,0,0,0,0,0,0,0,0,0,0,0,0,0,0
Eukaryota,Metazoa,Arthropoda,Malacostraca,Decapoda,Palaemonidae,Macrobrachium,Macrobrachium nipponense,4,92.91825,91.297,90.785,98.294,100,100,100,100,6.537049999999999e-112,3.2409999999999997e-113,3.53e-141,2.5499999999999998e-111,0,0,0,0,0,0,0,0,0,1,0,0,0,1,0,0,0,0,0,0,0,0,0,0,1,0,0,0,0,0,0,0,0,0,1,0,0,0,0,0,0,0,0,0,0,0,0,0,0,0,0,0,0,0,0,0,0,0,0,0,0,0,0,0,0,0,0,0,0,0,0,0,0,0,0,0,0,0,0
Eukaryota,Metazoa,Cnidaria,Anthozoa,Scleractinia,Merulinidae,Orbicella,LCA_dropped,2,90.9984496124031,89.912,87.137,96.429,94.33333333333333,95,75,100,3.9689922480625364e-64,1.1999999999999999e-82,2.28e-104,5.12e-62,0,0,0,0,0,0,1,0,1,4,4,0,0,1,2,0,0,1,2,0,0,0,0,0,0,0,0,0,0,0,1,0,0,0,2,0,0,0,0,0,0,0,0,0,0,0,2,0,0,0,0,0,0,0,0,0,0,0,0,0,0,0,0,0,0,0,0,0,0,0,0,0,0,0,0,0,0,0,0
Eukaryota,Metazoa,Echinodermata,Echinoidea,Diadematoida,Diadematidae,Echinothrix,Echinothrix diadema,67,97.18978610443521,97.189,94.208,99.598,97.95368145073192,98,92,100,2.7258817261401417e-103,1.9499999999999998e-118,1.7099999999999997e-125,5.16e-100,0,0,0,0,0,0,0,0,0,1,0,0,7,0,1,0,1,0,3,0,0,6,0,5,0,0,1,0,0,0,0,0,0,0,5,0,0,0,0,0,0,0,1,0,0,0,8,0,0,1,1,0,0,1,0,0,0,0,0,0,0,24,0,0,0,0,0,0,0,0,0,0,0,0,1,0,0,0,0
Eukaryota,Metazoa,Echinodermata,Ophiuroidea,Amphilepidida,Ophiocomidae,Ophiocomella,Ophiocomella ophiactoides,2,96.8925,96.8925,96.61,97.175,96,96,96,96,1.0605000000000001e-78,1.0605000000000001e-78,1.6100000000000002e-79,1.96e-78,0,0,0,0,0,0,0,0,4,0,4,0,0,0,0,0,0,4,0,0,0,0,0,0,0,0,0,0,0,0,0,0,0,0,0,0,0,0,0,0,0,0,0,0,0,0,0,0,0,0,0,0,0,0,0,0,0,0,0,0,0,0,0,0,0,0,0,0,0,0,0,0,2,0,0,0,0,0,0
Eukaryota,Metazoa,Mollusca,Gastropoda,Littorinimorpha,Strombidae,Canarium,Canarium microurceus,1,97.462,97.462,97.462,97.462,95,95,95,95,2.57e-90,2.57e-90,2.57e-90,2.57e-90,0,0,0,0,0,0,0,0,0,0,1,0,0,0,0,0,0,0,0,0,0,0,0,0,0,0,0,0,0,0,0,0,0,0,0,0,0,0,0,0,0,0,0,0,0,0,0,0,0,0,0,0,0,0,0,0,0,0,0,0,0,0,0,0,0,0,0,0,0,0,0,0,0,0,0,0,0,0,0
Eukaryota,Metazoa,Arthropoda,Malacostraca,Decapoda,Domeciidae,Cherusius,Cherusius triunguiculatus,7,95.93571428571428,95.833,94.907,97.015,99,100,93,100,4.4583725857142854e-91,4.25e-94,8.2e-97,2.6799999999999997e-90,0,0,0,0,0,0,0,0,0,0,11,0,0,0,0,0,0,0,0,0,0,0,0,0,0,0,0,0,0,0,0,0,0,0,0,0,0,0,0,0,0,0,0,0,0,0,0,0,0,0,0,0,0,0,0,0,0,0,0,0,0,0,0,0,0,0,0,0,0,0,0,0,0,0,0,0,0,0,0
Eukaryota,Metazoa,Mollusca,Cephalopoda,Sepiida,Sepiolidae,Euprymna,Euprymna brenneri,1,96.482,96.482,96.482,96.482,99,99,99,99,1.2899999999999998e-87,1.2899999999999998e-87,1.2899999999999998e-87,1.2899999999999998e-87,0,0,0,0,0,0,0,0,0,0,1,0,0,0,0,0,0,0,0,0,0,0,0,0,0,0,0,0,0,0,0,0,0,0,0,0,0,0,0,0,0,0,0,0,0,0,0,0,0,0,0,0,0,0,0,0,0,0,0,0,0,0,0,0,0,0,0,0,0,0,0,0,0,0,0,0,0,0,0
Eukaryota,Metazoa,Echinodermata,Ophiuroidea,Amphilepidida,Ophiocomidae,Ophiomastix,Ophiomastix mixta,5,90.8602,90.86,90.164,91.62,98,98,96,100,2.94438e-65,4.9899999999999996e-67,4.099999999999999e-68,2.59e-64,0,0,0,0,0,0,0,0,0,0,8,0,0,0,0,0,0,0,0,0,0,0,0,0,0,0,0,0,0,0,0,0,1,0,0,0,1,0,0,0,0,0,0,0,0,0,0,0,0,0,0,0,0,0,0,0,0,0,0,0,0,0,0,0,0,0,0,0,0,0,0,0,0,0,0,0,0,0,0
Eukaryota,Metazoa,Chordata,Actinopteri,Blenniiformes,Blenniidae,Praealticus,Praealticus labrovittatus,1,98.524,98.524,98.524,98.524,100,100,100,100,5.5099999999999994e-132,5.5099999999999994e-132,5.5099999999999994e-132,5.5099999999999994e-132,0,0,0,0,0,0,0,0,0,0,1,0,0,0,0,0,0,0,0,0,0,0,0,0,0,0,0,0,0,0,0,0,0,0,0,0,0,0,0,0,0,0,0,0,0,0,0,0,0,0,0,0,0,0,0,0,0,0,0,0,0,0,0,0,0,0,0,0,0,0,0,0,0,0,0,0,0,0,0
Eukaryota,Metazoa,Mollusca,Gastropoda,Littorinimorpha,Hipponicidae,Sabia,Sabia conica,1,93.103,93.103,93.103,93.103,100,100,100,100,1.08e-68,1.08e-68,1.08e-68,1.08e-68,0,0,0,0,0,0,0,0,0,0,1,0,0,0,0,0,0,0,0,0,0,0,0,0,0,0,0,0,0,0,0,0,0,0,0,0,0,0,0,0,0,0,0,0,0,0,0,0,0,0,0,0,0,0,0,0,0,0,0,0,0,0,0,0,0,0,0,0,0,0,0,0,0,0,0,0,0,0,0
Eukaryota,Metazoa,Nemertea,Enopla,Monostilifera,Poseidonemertidae,Diplomma,LCA_dropped,1,94.95116666666667,94.681,94.681,95.745,94,94,94,94,6.129408333333333e-77,9.14e-77,1.45e-80,9.14e-77,0,0,0,0,0,0,0,0,0,0,2,0,0,0,0,0,0,0,0,0,0,0,0,0,0,0,0,0,0,0,0,0,0,0,0,0,0,0,0,0,0,0,0,0,0,0,0,0,0,0,0,0,0,0,0,0,0,0,0,0,0,0,0,0,0,0,0,0,0,0,0,0,0,0,0,0,0,0,0
Eukaryota,Metazoa,Mollusca,Bivalvia,Cardiida,Cardiidae,LCA_dropped,LCA_dropped,25,90.80344520547945,90.683,88.75,92.547,93,93,93,93,3.2380395986301365e-54,3.3e-56,1.4999999999999998e-60,5.9599999999999995e-53,0,0,0,0,0,0,0,0,0,0,2,0,33,0,0,0,0,0,0,0,0,0,0,0,0,0,0,0,0,0,0,0,0,0,0,0,0,0,0,6,0,0,0,0,0,0,0,0,0,0,0,0,0,0,0,0,0,0,0,0,0,0,0,0,0,0,0,0,0,0,0,0,0,0,0,0,0,0,0
Eukaryota,Metazoa,Echinodermata,Crinoidea,Comatulida,Comatulidae,Comatella,Comatella nigra,1,93.035,93.213,92.531,93.361,97.33333333333333,100,92,100,1.8400005636446665e-87,1.69e-93,9.34e-97,5.5199999999999994e-87,0,0,0,0,0,0,0,0,0,0,1,0,0,0,0,0,0,0,0,0,0,0,0,0,0,0,0,0,0,0,0,0,0,0,0,0,0,0,0,0,0,0,0,0,0,0,0,0,0,0,0,0,0,0,0,0,0,0,0,0,0,0,0,0,0,0,0,0,0,0,0,0,0,0,0,0,0,0,0
Eukaryota,Metazoa,Mollusca,Gastropoda,LCA_dropped,Plakobranchidae,Elysia,Elysia pusilla,3,91.97866666666667,92.667,90.506,92.763,97,96,95,100,9.986091666666667e-54,6.87e-55,8.549999999999999e-57,5.4e-53,0,0,0,0,0,0,0,0,0,0,8,0,0,0,0,0,0,0,0,0,0,0,0,0,0,0,0,0,0,0,1,0,0,0,0,0,0,0,0,0,0,0,0,0,0,0,0,0,0,0,0,0,0,0,0,0,0,0,0,0,0,0,0,0,0,0,0,0,0,0,0,0,0,0,0,0,0,0,0
Eukaryota,Metazoa,Echinodermata,Ophiuroidea,Amphilepidida,Ophiotrichidae,Macrophiothrix,Macrophiothrix demessa,1,94.276,94.118,94.086,94.624,100,100,100,100,4.4397666666666666e-76,2.95e-76,6.93e-78,1.03e-75,0,0,0,0,0,0,0,0,0,0,1,0,0,0,0,0,0,0,0,0,0,0,0,0,0,0,0,0,0,0,0,0,0,0,0,0,0,0,0,0,0,0,0,0,0,0,0,0,0,0,0,0,0,0,0,0,0,0,0,0,0,0,0,0,0,0,0,0,0,0,0,0,0,0,0,0,0,0,0
Eukaryota,Metazoa,Porifera,Homoscleromorpha,Homosclerophorida,Oscarellidae,Oscarella,Oscarella viridis,1,90.04249999999999,90.04249999999999,89.407,90.678,99,99,99,99,2.090095e-82,2.090095e-82,1.9e-86,4.18e-82,0,0,0,0,0,0,0,0,0,0,1,0,0,0,0,0,0,0,0,0,0,0,0,0,0,0,0,0,0,0,0,0,0,0,0,0,0,0,0,0,0,0,0,0,0,0,0,0,0,0,0,0,0,0,0,0,0,0,0,0,0,0,0,0,0,0,0,0,0,0,0,0,0,0,0,0,0,0,0
Eukaryota,Metazoa,Chordata,Actinopteri,Labriformes,Labridae,Novaculichthys,Novaculichthys taeniourus,11,98.15441818181819,97.736,96.981,99.219,98.54545454545455,98,97,100,7.875931636363636e-123,6.13e-125,1.4399999999999998e-126,3.8699999999999997e-121,0,0,0,0,0,0,0,0,0,0,2,0,0,0,0,0,0,0,0,0,0,0,0,0,0,0,19,0,0,0,0,0,0,0,0,0,0,0,0,0,0,0,0,0,0,0,0,0,0,0,0,0,0,0,0,0,0,0,0,0,0,0,0,0,0,0,0,0,0,0,0,0,0,0,0,0,0,0,0
Eukaryota,Metazoa,Arthropoda,Malacostraca,Decapoda,Xanthidae,Atergatopsis,Atergatopsis granulata,1,90.1566,89.806,89.806,90.777,89.8,93,77,93,1.678000000001644e-59,2.74e-71,1.2400000000000001e-75,8.39e-59,0,0,0,0,0,0,0,0,0,0,1,0,0,0,0,0,0,0,0,0,0,0,0,0,0,0,0,0,0,0,0,0,0,0,0,0,0,0,0,0,0,0,0,0,0,0,0,0,0,0,0,0,0,0,0,0,0,0,0,0,0,0,0,0,0,0,0,0,0,0,0,0,0,0,0,0,0,0,0
Eukaryota,Metazoa,Cnidaria,Anthozoa,Scleractinia,Pocilloporidae,Madracis,Madracis myriaster,40,90.93194796380091,89.0985,88.144,97.5,94.10633484162896,96,72,100,4.884762579185521e-65,1.04e-83,2.13e-111,1.5399999999999999e-62,0,0,0,0,0,0,0,0,0,0,0,30,0,0,0,0,0,0,0,0,0,15,0,0,0,0,0,0,0,0,0,0,0,0,0,0,0,0,0,0,0,0,0,0,0,0,0,0,0,0,0,0,0,0,0,0,0,0,0,0,0,0,0,0,0,0,0,0,0,0,0,0,0,0,0,0,0,0,0
Eukaryota,Metazoa,Chordata,Actinopteri,Acropomatiformes,Pempheridae,Pempheris,Pempheris adusta,13,94.04141758241758,93.962,92.453,96.226,99.3076923076923,100,97,100,5.0230607723604316e-108,7.98e-111,1.35e-120,1.7599999999999996e-106,0,0,0,0,0,0,0,0,0,0,0,13,0,0,0,0,0,0,0,0,0,0,0,0,0,0,0,0,0,0,0,0,0,0,0,0,0,0,0,0,0,0,0,0,0,0,0,0,0,0,0,0,0,0,0,0,0,0,0,0,0,0,0,0,0,0,0,0,0,0,0,0,0,0,0,0,0,0,0
Eukaryota,Metazoa,Chordata,Actinopteri,Labriformes,Labridae,Cirrhilabrus,Cirrhilabrus temminckii,3,95.38466666666667,95.385,95,95.769,97,97,97,97,5.366066666666666e-114,3.68e-115,3.02e-116,1.57e-113,0,0,0,0,0,0,0,0,0,0,0,2,0,0,0,0,0,0,1,0,0,0,0,0,0,0,0,0,0,0,0,0,0,0,0,0,0,0,0,0,0,0,0,0,0,0,0,0,0,0,0,0,0,0,0,0,0,0,0,0,0,0,0,0,0,0,0,0,0,0,0,0,0,0,0,0,0,0,0
Eukaryota,Metazoa,Arthropoda,Malacostraca,Decapoda,Palaemonidae,Macrobrachium,Macrobrachium acanthurus,3,96.474125,95.897,95.897,97.436,93,93,93,93,1.2563692500000001e-85,2.0100000000000002e-85,3.18e-89,2.0100000000000002e-85,0,0,0,0,0,0,0,0,0,0,0,4,0,0,0,0,0,0,0,0,0,0,0,0,0,0,0,0,0,0,0,0,0,0,0,0,0,0,0,0,0,0,0,0,0,0,0,0,0,0,0,0,0,0,0,0,0,0,0,0,0,0,0,0,0,0,0,0,0,0,0,0,0,0,0,0,0,0,0
Eukaryota,Metazoa,Chordata,Actinopteri,Tetraodontiformes,Balistidae,Balistapus,Balistapus undulatus,7,98.08583333333334,98.054,96.863,99.216,96.94444444444444,97,96,98,3.4277900119727775e-117,5.630499999999999e-122,5.0099999999999995e-126,2.9599999999999996e-116,0,0,0,0,0,0,0,0,0,0,0,10,5,0,0,0,0,0,0,0,0,0,0,0,0,0,1,0,0,0,0,0,0,0,0,0,0,0,3,0,0,0,0,0,0,0,2,0,0,0,0,0,0,0,0,0,0,0,0,0,0,0,0,0,0,0,0,0,1,0,0,0,0,0,0,0,0,0,0
Eukaryota,Metazoa,Chordata,Actinopteri,Mugiliformes,Mugilidae,Moolgarda,Moolgarda crenilabis,1,97.20166666666667,97.6275,96.35,98.175,100,100,100,100,7.583602923333333e-126,1.4789499999999998e-129,5.579999999999999e-132,1.8199999999999998e-125,0,0,0,0,0,0,0,0,0,0,0,1,0,0,0,0,0,0,0,0,0,0,0,0,0,0,0,0,0,0,0,0,0,0,0,0,0,0,0,0,0,1,0,0,0,0,0,0,0,0,0,0,0,0,0,0,0,0,0,0,0,0,0,0,0,0,0,0,0,0,0,0,0,0,0,0,0,0,0
Eukaryota,Metazoa,Chordata,Actinopteri,Anguilliformes,Muraenidae,Gymnothorax,Gymnothorax melatremus,4,98.66749999999999,98.6715,98.099,99.228,98.25,98,97,100,1.67746e-125,2.4821e-126,3.42e-128,6.21e-125,0,0,0,0,0,0,0,0,0,0,0,8,0,0,0,0,0,0,0,0,0,0,0,0,0,0,0,0,0,0,0,0,0,0,0,0,0,0,0,0,0,0,0,0,0,0,0,0,0,0,0,0,0,0,0,0,0,0,0,0,0,0,0,0,0,0,0,0,0,0,0,0,0,0,0,0,0,0,0
Eukaryota,Metazoa,Chordata,Actinopteri,Labriformes,Labridae,Coris,LCA_dropped,1,97.89377777777777,97.77,97.77,98.513,100,100,100,100,3.2551155555555554e-127,4.17e-127,8.039999999999999e-130,4.17e-127,0,0,0,0,0,0,0,0,0,0,0,1,0,0,0,0,0,0,0,0,0,0,0,0,0,0,0,0,0,0,0,0,0,0,0,0,0,0,0,0,0,0,0,0,0,0,0,0,0,0,0,0,0,0,0,0,0,0,0,0,0,0,0,0,0,0,0,0,0,0,0,0,0,0,0,0,0,0,0
Eukaryota,Metazoa,Chordata,Actinopteri,Labriformes,Labridae,Coris,Coris cuvieri,1,98.57366666666667,98.444,98.444,99.222,96,96,96,96,1.7001299999999999e-124,2.16e-124,4.17e-127,2.16e-124,0,0,0,0,0,0,0,0,0,0,0,1,0,0,0,0,0,0,0,0,0,0,0,0,0,0,0,0,0,0,0,0,0,0,0,0,0,0,0,0,0,0,0,0,0,0,0,0,0,0,0,0,0,0,0,0,0,0,0,0,0,0,0,0,0,0,0,0,0,0,0,0,0,0,0,0,0,0,0
Eukaryota,Metazoa,Chordata,Actinopteri,Acropomatiformes,Pempheridae,Pempheris,LCA_dropped,1,96.1708,96.465,95.477,96.97,93,93,93,93,2.8616026e-85,3.9599999999999996e-88,9.3e-90,7.15e-85,0,0,0,0,0,0,0,0,0,0,0,2,0,0,0,0,0,0,0,0,0,0,0,0,0,0,0,0,0,0,0,0,0,0,0,0,0,0,0,0,0,0,0,0,0,0,0,0,0,0,0,0,0,0,0,0,0,0,0,0,0,0,0,0,0,0,0,0,0,0,0,0,0,0,0,0,0,0,0
Eukaryota,Metazoa,Chordata,Actinopteri,Anguilliformes,Anguillidae,Anguilla,Anguilla marmorata,9,97.85596264073695,97.872,96.043,99.429,98.23336745138178,100,54,100,4.8141204196520385e-70,3.2499999999999997e-135,5.1499999999999996e-139,6.72e-68,0,0,0,0,0,0,0,0,0,0,0,1,0,0,0,0,0,0,0,0,0,0,0,0,0,0,0,0,0,0,0,0,0,0,0,0,0,0,0,0,0,0,0,0,0,0,0,0,0,0,2,0,0,0,0,0,0,0,0,0,0,1,0,0,0,0,0,0,0,0,0,0,0,0,0,0,1,4,0
Eukaryota,Metazoa,Chordata,Actinopteri,Acanthuriformes,Acanthuridae,Ctenochaetus,Ctenochaetus binotatus,3,97.8982962962963,97.872,96.241,99.611,95.51851851851852,100,76,100,2.551851851851852e-94,7.5e-124,2.2899999999999997e-130,6.58e-93,0,0,0,0,0,0,0,0,0,0,0,1,0,0,0,0,0,0,2,0,0,0,0,0,0,0,0,0,0,0,0,0,0,0,0,0,0,0,0,0,0,0,0,0,0,0,0,0,0,0,0,0,0,0,0,0,0,0,0,0,0,0,0,0,0,0,0,0,0,0,0,0,0,0,0,0,0,0,0
Eukaryota,Metazoa,Echinodermata,Ophiuroidea,Amphilepidida,Amphiuridae,Amphipholis,Amphipholis squamata,22,92.4805892420538,92.614,90.217,94.915,98.12224938875306,98,95,100,2.192661912309269e-66,3.3199999999999997e-69,2.91e-76,7.3100000000000005e-65,0,0,0,0,0,0,0,0,0,0,0,0,10,0,0,0,0,0,0,0,0,0,0,0,12,0,0,0,0,0,0,0,0,0,0,0,0,0,0,0,0,0,0,0,0,0,0,0,0,0,0,0,0,0,0,0,0,0,0,0,0,0,0,0,0,0,0,0,0,0,0,0,0,0,0,0,0,0,0
Eukaryota,Metazoa,Annelida,Polychaeta,Terebellida,Cirratulidae,Timarete,Timarete punctata,7,94.44446428571429,94.836,92.195,97.073,95.57142857142857,94,93,98,7.107644184730125e-81,4.04e-88,1.51e-93,5.62e-80,0,0,0,0,0,0,0,0,1,0,0,0,2,0,5,0,0,0,0,0,0,0,0,0,0,0,0,0,0,0,0,0,0,0,0,0,0,0,0,0,0,0,0,0,0,0,0,0,0,0,0,0,0,0,0,0,0,0,0,0,0,0,0,0,0,0,0,0,0,0,0,0,0,0,0,0,0,0,0
Eukaryota,LCA_dropped,LCA_dropped,Eustigmatophyceae,Eustigmatales,Monodopsidaceae,Microchloropsis,LCA_dropped,3,97.60283333333334,98.1165,95.548,98.973,100,100,100,100,1.2173500002222626e-131,6.655e-141,1.9499999999999998e-144,7.29e-131,0,0,0,0,0,0,0,0,0,0,0,0,3,0,0,0,0,0,0,0,0,0,0,0,0,0,0,0,0,0,0,0,0,0,0,0,0,0,0,0,0,0,0,0,0,0,0,0,0,0,0,0,0,0,0,0,0,0,0,0,0,0,0,0,0,0,0,0,0,0,0,0,0,0,0,0,0,0,0
Eukaryota,Metazoa,Chordata,Actinopteri,LCA_dropped,Pomacentridae,Plectroglyphidodon,Plectroglyphidodon leucozona,5,97.62786666666666,97.753,96.629,98.127,100,100,100,100,7.834241453333334e-123,4.17e-127,3.42e-128,1.12e-121,0,0,0,0,0,0,0,0,0,0,0,0,3,0,0,0,0,0,0,0,0,0,0,0,0,0,0,0,0,0,0,0,0,0,2,0,0,0,0,0,0,0,0,0,0,0,0,0,0,0,0,0,0,0,0,0,0,0,0,0,0,0,0,0,0,0,0,0,0,0,0,0,0,0,0,0,0,0,0
Eukaryota,Metazoa,Nemertea,Palaeonemertea,Archinemertea,Cephalotrichidae,Cephalothrix,Cephalothrix hongkongiensis,26,90.28916666666667,90.291,89.552,91.282,96.6923076923077,95,94,100,3.573818301282051e-67,3.0800000000000004e-70,1.7e-73,2.36e-65,0,0,0,0,0,0,0,0,0,0,0,0,12,0,0,0,0,0,0,0,0,0,0,0,0,0,0,0,0,0,0,14,0,0,0,0,0,0,0,0,0,0,0,0,0,0,0,0,0,0,0,0,0,0,0,0,0,0,0,0,0,0,0,0,0,0,0,0,0,0,0,0,0,0,0,0,0,0,0
Eukaryota,Metazoa,Chordata,Actinopteri,LCA_dropped,Pomacentridae,Abudefduf,Abudefduf sordidus,2,97.57514285714286,97.6015,97.048,98.155,100,100,100,100,4.496501428571428e-127,6.1925e-128,2.34e-130,1.4799999999999998e-126,0,0,0,0,0,0,0,0,0,0,0,0,2,0,0,0,0,0,0,0,0,0,0,0,0,0,0,0,0,0,0,0,0,0,0,0,0,0,0,0,0,0,0,0,0,0,0,0,0,0,0,0,0,0,0,0,0,0,0,0,0,0,0,0,0,0,0,0,0,0,0,0,0,0,0,0,0,0,0
Eukaryota,Metazoa,Chordata,Actinopteri,Acanthuriformes,Acanthuridae,Naso,Naso unicornis,9,97.46289655172414,97.378,95.263,99.225,97.3103448275862,99,71,100,9.119804597701149e-85,9.170000000000001e-123,2.8099999999999996e-129,1.36e-82,0,0,0,0,0,0,0,0,0,0,0,0,3,0,0,0,0,0,0,0,0,0,0,3,3,0,0,1,0,0,0,0,0,0,0,0,0,0,0,0,0,0,0,0,0,0,0,0,0,0,0,0,0,0,0,0,0,0,0,0,0,0,0,0,0,0,0,0,0,0,0,0,0,0,0,0,0,0,0
Eukaryota,Metazoa,Echinodermata,Ophiuroidea,Amphilepidida,Ophiotrichidae,Macrophiothrix,Macrophiothrix robillardi,3,96.238,96.296,95.789,96.629,98,100,94,100,1.9787543333333334e-79,1.3600000000000001e-80,2.63e-83,5.8e-79,0,0,0,0,0,0,0,0,1,1,2,0,2,1,2,0,6,0,0,0,0,0,0,0,1,0,0,0,0,0,2,0,0,0,0,0,0,0,0,0,0,1,0,0,0,0,1,0,0,0,0,0,0,0,0,0,0,0,0,0,0,0,0,0,0,0,0,0,0,0,0,0,0,0,0,0,0,0,0
Eukaryota,Metazoa,Chordata,Actinopteri,Labriformes,Labridae,Halichoeres,Halichoeres margaritaceus,11,97.74254545454545,97.7005,95.506,98.824,97.63636363636364,97,97,100,3.220340734556818e-117,1.0999999999999999e-121,1.75e-125,1.03e-115,0,0,0,0,0,0,0,0,0,0,0,0,2,0,0,0,0,0,0,0,0,0,0,0,0,0,0,0,0,0,0,2,0,0,0,0,0,0,0,7,0,0,0,0,0,0,0,0,0,0,0,0,0,0,0,0,0,0,0,0,0,0,0,0,0,0,0,0,0,0,0,0,0,0,0,0,0,0,0
Eukaryota,Metazoa,Cnidaria,Anthozoa,Scleractinia,Pocilloporidae,Pocillopora,Pocillopora damicornis,2,89.32404694835681,88.608,88,97.326,93.87793427230046,96,71,98,7.478428261157558e-78,2.95e-84,1.34e-88,1.43e-75,0,0,0,0,0,0,0,0,0,0,0,0,1,0,0,0,0,0,0,0,0,0,0,1,0,0,0,0,0,0,0,0,0,0,1,0,0,0,0,0,0,0,0,0,0,0,0,0,0,0,0,0,0,0,0,0,0,0,0,0,0,0,0,0,0,0,0,0,0,0,0,0,0,0,0,0,0,0,0
Eukaryota,Metazoa,Chordata,Actinopteri,LCA_dropped,Pseudochromidae,Pseudochromis,Pseudochromis cyanotaenia,3,96.01133333333334,95.941,95.489,96.604,98.66666666666667,98,98,100,8.268353333333333e-118,3.93e-121,1.1299999999999998e-121,2.48e-117,0,0,0,0,0,0,0,0,0,0,0,0,3,0,0,0,0,0,0,0,0,0,0,0,0,0,0,0,0,0,0,0,0,0,0,0,0,0,0,0,0,0,0,0,0,0,0,0,0,0,0,0,0,0,0,0,0,0,0,0,0,0,0,0,0,0,0,0,0,0,0,0,0,0,0,0,0,0,0
Eukaryota,Metazoa,Nemertea,Pilidiophora,Heteronemertea,Lineidae,Cerebratulus,Cerebratulus leucopsis,1,96.8545,96.8545,96.209,97.5,97.5,97.5,95,100,3.75708e-91,3.75708e-91,4.16e-94,7.51e-91,0,0,0,0,0,0,0,0,0,0,0,0,6,0,0,0,0,0,0,0,0,0,0,0,0,0,0,0,0,0,0,0,0,0,0,0,0,0,0,0,0,0,0,0,0,0,0,0,0,0,0,0,0,0,0,0,0,0,0,0,0,0,0,0,0,0,0,0,0,0,0,0,0,0,0,0,0,0,0
Eukaryota,Metazoa,Arthropoda,Malacostraca,Decapoda,Diogenidae,Calcinus,Calcinus latens,1,95.21566666666666,95.37,94.907,95.37,100,100,100,100,6.3513333333333324e-93,4.27e-94,4.27e-94,1.8199999999999998e-92,0,0,0,0,0,0,0,0,0,0,0,0,2,0,0,0,0,0,0,0,0,0,0,1,0,0,0,0,1,0,0,0,0,0,0,0,0,0,0,0,0,0,0,0,0,0,0,0,0,0,0,0,0,0,0,0,0,0,0,0,0,0,0,0,0,0,0,0,0,0,0,0,0,0,0,0,0,0,0
Eukaryota,Metazoa,Chordata,Actinopteri,Syngnathiformes,Mullidae,Parupeneus,Parupeneus multifasciatus,12,98.13255555555556,98.062,97.378,99.612,98.33333333333333,97.5,97,100,4.002465555555556e-124,1.77e-125,9.799999999999999e-129,2.6300000000000002e-123,0,0,0,0,0,0,0,0,0,0,0,0,4,0,0,0,0,0,5,0,0,0,0,0,0,0,0,0,0,0,0,6,0,0,0,0,0,0,0,0,0,0,0,0,0,0,0,0,0,0,0,0,0,0,0,0,0,0,0,0,0,0,0,0,0,0,0,0,0,0,0,0,0,0,0,0,0,0,0
Eukaryota,Metazoa,Cnidaria,Anthozoa,Scleractinia,Diploastraeidae,LCA_dropped,LCA_dropped,6,96.03172363636364,95.982,94.792,98.661,94.86545454545454,95,82,100,1.8254545484438768e-83,1.7499999999999997e-99,1.2599999999999998e-107,5.02e-81,0,0,0,0,0,0,0,0,0,0,0,0,0,1,2,0,0,1,0,0,0,0,0,1,0,0,0,0,0,0,0,0,0,0,1,0,0,0,0,0,0,0,0,0,0,0,0,0,0,0,0,0,0,0,0,0,0,0,0,0,0,0,0,0,0,0,0,0,0,0,0,0,0,0,0,0,0,0,0
Eukaryota,Metazoa,Arthropoda,Malacostraca,Euphausiacea,Euphausiidae,Thysanopoda,Thysanopoda tricuspidata,4,90.468125,90.45150000000001,89.048,92.462,95.4375,98,87,100,1.3133451585797055e-66,3.2399999999999997e-74,7.99e-78,6.999999999999999e-66,0,0,0,0,0,0,0,0,0,0,0,0,0,5,0,0,0,0,0,0,0,0,0,0,0,0,0,0,0,0,0,0,0,0,0,0,0,0,0,0,0,0,0,0,0,0,0,0,0,0,0,0,0,0,0,0,0,0,0,0,0,0,0,0,0,0,0,0,0,0,0,0,0,0,0,0,0,0,0
Eukaryota,Metazoa,Chordata,Actinopteri,LCA_dropped,Pomacentridae,Pomachromis,Pomachromis richardsoni,1,98.872,98.872,98.872,98.872,97,97,97,97,2.3699999999999995e-130,2.3699999999999995e-130,2.3699999999999995e-130,2.3699999999999995e-130,0,0,0,0,0,0,0,0,0,0,0,0,0,1,0,0,0,0,0,0,0,0,0,0,0,0,0,0,0,0,0,0,0,0,0,0,0,0,0,0,0,0,0,0,0,0,0,0,0,0,0,0,0,0,0,0,0,0,0,0,0,0,0,0,0,0,0,0,0,0,1,0,0,0,0,0,0,0,0
Eukaryota,Metazoa,Chordata,Actinopteri,Beloniformes,Exocoetidae,LCA_dropped,LCA_dropped,1,96.44315384615385,96.262,95.506,97.378,100,100,100,100,8.316122846153845e-121,7.2e-122,1.77e-125,4.75e-120,0,0,0,0,0,0,0,0,0,0,0,0,0,1,0,0,0,0,0,0,0,0,0,0,0,0,0,0,0,0,0,0,0,0,0,0,0,0,0,0,0,0,0,0,0,0,0,0,0,0,0,0,0,0,0,0,0,0,0,0,0,0,0,0,0,0,0,0,0,0,0,0,0,0,0,0,0,0,0
Eukaryota,Metazoa,Chordata,Amphibia,Anura,Bufonidae,Rhinella,LCA_dropped,23,97.68455353272648,98.054,91.353,100,98.10143042912874,97,85,100,3.5227567176419966e-105,7.5e-124,5.399999999999999e-132,1.11e-102,0,0,0,0,0,0,0,0,0,0,0,0,0,1,0,0,0,0,0,0,0,0,0,0,0,6,0,0,0,0,0,0,0,0,0,0,0,0,0,0,0,10,3,0,0,0,0,0,0,0,0,0,0,0,0,0,0,0,0,0,0,0,0,0,2,1,0,0,0,0,0,0,0,0,0,0,0,0,0
Eukaryota,Metazoa,Chordata,Actinopteri,Labriformes,Labridae,Calotomus,LCA_dropped,6,98.22858333333333,98.113,96.604,99.245,99.16666666666667,100,97,100,1.7648538544016665e-122,4.13e-127,1.88e-131,3.8699999999999997e-121,0,0,0,0,0,0,0,0,0,0,0,0,0,1,0,0,0,0,0,0,0,0,0,0,0,0,0,0,0,0,0,0,0,0,0,0,0,0,0,5,0,0,0,0,0,0,0,0,0,0,0,0,0,0,0,0,0,0,0,0,0,0,0,0,0,0,0,0,0,0,0,0,0,0,0,0,0,0,0
Eukaryota,Metazoa,Chordata,Actinopteri,Labriformes,Labridae,Oxycheilinus,Oxycheilinus unifasciatus,14,98.54022857142857,98.467,96.97,99.605,97,96,96,100,9.084622588571427e-121,7.439999999999999e-124,5.0099999999999995e-126,5.619999999999998e-119,0,0,0,0,0,0,0,0,0,0,0,0,0,0,3,2,0,0,0,0,0,0,0,0,0,0,0,0,0,0,11,0,0,0,0,0,0,0,0,0,0,0,0,0,0,0,0,0,0,0,0,0,0,0,0,0,0,0,0,0,0,0,0,0,0,0,0,0,0,0,0,0,0,0,0,0,0,0,0
Eukaryota,Metazoa,Chordata,Actinopteri,Chaetodontiformes,Chaetodontidae,Chaetodon,Chaetodon ephippium,1,98.872,98.872,98.872,98.872,100,100,100,100,2.2899999999999997e-130,2.2899999999999997e-130,2.2899999999999997e-130,2.2899999999999997e-130,0,0,0,0,0,0,0,0,0,0,0,0,0,0,1,0,0,0,4,0,0,0,0,0,0,0,0,0,0,0,0,0,0,0,0,0,0,0,0,0,0,0,0,0,0,0,0,0,0,0,0,0,0,0,0,0,0,0,0,0,0,0,0,0,0,0,0,0,0,0,0,0,0,0,0,0,0,0,0
Eukaryota,Metazoa,Mollusca,Gastropoda,Trochida,Trochidae,Microtis,Microtis tuberculata,21,91.86019047619047,91.803,90.688,92.623,96.61904761904762,96,96,100,5.209698712619048e-92,5.11e-94,6.6499999999999994e-99,9.240000000000001e-91,0,0,0,0,0,0,0,0,0,0,0,0,0,0,4,0,0,0,30,0,0,0,0,0,0,0,0,0,0,0,0,0,0,1,0,0,0,0,0,0,0,0,0,0,0,0,0,0,0,0,0,0,0,0,0,0,0,0,0,0,0,0,0,0,0,0,0,0,0,0,0,0,0,0,0,0,0,0,0
Eukaryota,Metazoa,Chordata,Actinopteri,Blenniiformes,Blenniidae,Cirripectes,Cirripectes variolosus,4,96.97025,96.591,96.212,98.859,98,98,98,98,4.127869165898749e-120,3.93e-121,9.879999999999999e-129,1.6799999999999995e-119,0,0,0,0,0,0,0,0,0,0,0,0,0,0,1,0,1,0,0,0,0,0,0,0,0,1,0,0,0,0,0,1,0,0,0,0,0,0,0,0,0,0,0,0,0,0,0,0,0,0,0,0,0,0,0,0,0,0,0,0,0,0,0,0,0,0,0,0,0,0,0,0,0,0,0,0,0,0,0
Eukaryota,Metazoa,Chordata,Actinopteri,Holocentriformes,Holocentridae,Sargocentron,Sargocentron punctatissimum,5,99.03066666666666,99.228,98.069,99.614,97.6,97,97,100,6.4024058326666674e-124,3.43e-128,1.9e-131,9.170000000000001e-123,0,0,0,0,0,0,0,0,0,0,0,0,0,0,1,0,0,0,0,0,0,0,0,0,0,0,0,0,0,0,0,0,0,0,0,0,0,0,0,0,0,0,0,0,0,0,4,0,0,0,0,0,0,0,0,0,0,0,0,0,0,0,0,0,0,0,0,0,0,0,0,0,0,0,0,0,0,0,0
Eukaryota,Metazoa,Chordata,Actinopteri,Labriformes,Labridae,Halichoeres,Halichoeres hortulanus,1,98.0302,98.106,97.727,98.106,100,100,100,100,4.6519999999999996e-126,1.4399999999999998e-126,1.4399999999999998e-126,1.75e-125,0,0,0,0,0,0,0,0,0,0,0,0,0,0,1,0,0,0,0,0,0,0,0,0,0,0,0,0,0,0,0,0,0,0,0,0,0,0,0,0,0,0,0,0,0,0,0,0,0,0,0,0,0,0,0,0,0,0,0,0,0,0,0,0,0,0,0,0,0,0,0,0,0,0,0,0,0,0,0
Eukaryota,Metazoa,Chordata,Actinopteri,Blenniiformes,Blenniidae,Entomacrodus,Entomacrodus sealei,11,98.31854545454546,98.502,97.059,99.248,99.27272727272727,100,98,100,1.6841924581818182e-126,6.74e-131,1.2999999999999998e-133,1.81e-125,0,0,0,0,0,0,0,0,0,0,0,0,0,0,0,1,0,0,0,0,0,0,0,0,0,1,0,0,0,0,0,2,2,0,0,0,0,0,0,0,0,0,0,0,0,0,3,0,0,0,0,0,0,0,0,0,0,0,0,0,0,1,0,0,0,0,0,0,0,0,0,0,0,0,1,0,0,0,0
Eukaryota,Metazoa,Mollusca,Gastropoda,Trochida,Turbinidae,Turbo,LCA_dropped,1,97.807,97.807,97.807,97.807,96,96,96,96,4.459999999999999e-107,4.459999999999999e-107,4.459999999999999e-107,4.459999999999999e-107,0,0,0,0,0,0,0,0,0,0,0,0,0,0,0,1,0,0,0,0,0,0,0,0,0,0,0,0,0,0,0,0,0,0,0,0,0,0,0,0,0,0,0,0,0,0,0,0,0,0,0,0,0,0,0,0,0,0,0,0,0,0,0,0,0,0,0,0,0,0,0,0,0,0,0,0,0,0,0
Eukaryota,Viridiplantae,Streptophyta,Magnoliopsida,LCA_dropped,LCA_dropped,LCA_dropped,LCA_dropped,1,98.14494444444445,97.945,97.26,98.973,100,100,100,100,1.6435647166666664e-138,1.23e-140,1.9499999999999998e-144,6.389999999999999e-138,0,0,0,0,0,0,0,0,0,0,0,0,0,0,0,0,1,0,0,0,0,0,0,0,0,0,0,0,0,0,0,0,0,0,0,0,0,0,0,0,0,0,0,0,0,0,0,0,0,0,0,0,0,0,0,0,0,0,0,0,0,0,0,0,0,0,0,0,0,0,0,0,0,0,0,0,0,0,0
Eukaryota,Metazoa,Chordata,Actinopteri,Clupeiformes,Engraulidae,Encrasicholina,LCA_dropped,4,99.0735,99.231,97.967,99.62,97.11111111111111,97,89,100,7.248055555829328e-118,9.839999999999999e-129,1.9e-131,8.63e-117,0,0,0,0,0,0,0,0,0,0,0,0,0,0,0,0,2,0,2,0,0,0,0,0,0,0,0,0,0,0,0,0,0,0,0,0,0,0,0,0,0,0,0,0,0,0,0,0,0,0,0,0,0,0,0,0,0,0,0,0,0,0,0,0,0,0,0,0,0,0,0,0,0,0,0,0,0,0,0
Eukaryota,Metazoa,Chordata,Actinopteri,Blenniiformes,Blenniidae,Praealticus,Praealticus poptae,3,98.53933333333333,98.723,97.761,99.134,95.66666666666667,94,93,100,2.150000000000004e-113,1.44e-113,1.2e-127,5.0099999999999997e-113,0,0,0,0,0,0,0,0,0,0,0,0,0,0,0,0,4,0,0,0,0,0,0,0,0,0,0,0,0,0,0,0,0,0,0,0,0,0,0,0,0,0,0,0,0,0,0,0,0,0,0,0,0,0,0,0,0,0,0,0,0,0,0,0,0,0,0,0,0,0,0,0,0,0,0,0,0,0,0
Eukaryota,Metazoa,Chordata,Actinopteri,Perciformes,Serranidae,Epinephelus,LCA_dropped,1,97.44475,97.266,97.266,98.047,93.5,96,76,96,8.225e-94,1.6499999999999995e-119,3.19e-122,6.58e-93,0,0,0,0,0,0,0,0,0,0,0,0,0,0,0,0,1,0,0,0,0,0,0,0,0,0,0,0,0,0,0,0,0,0,0,0,0,0,0,0,0,0,0,0,0,0,0,0,0,0,0,0,0,0,0,0,0,0,0,0,0,0,0,0,0,0,0,0,0,0,0,0,0,0,0,0,0,0,0
Eukaryota,Metazoa,Arthropoda,Malacostraca,Decapoda,Majidae,Tylocarcinus,Tylocarcinus styx,2,90.05,90.05,90.05,90.05,95,95,95,95,9.16e-71,9.16e-71,9.16e-71,9.16e-71,0,0,0,0,0,0,0,0,0,0,0,0,0,0,0,0,0,2,0,0,0,0,0,0,0,0,0,0,0,0,0,0,0,0,0,0,0,0,0,0,0,0,0,0,0,0,0,0,0,0,0,0,0,0,0,0,0,0,0,0,0,0,0,0,0,0,0,0,0,0,0,0,0,0,0,0,0,0,0
Eukaryota,Metazoa,Arthropoda,Malacostraca,Decapoda,Alpheidae,Metalpheus,Metalpheus paragracilis,1,97.607,97.949,96.923,97.949,93,93,93,93,1.2949799999999998e-88,7.47e-91,7.47e-91,3.8699999999999995e-88,0,0,0,0,0,0,0,0,0,0,0,0,0,0,0,0,0,3,0,0,0,0,0,0,0,0,0,0,0,0,0,0,0,0,0,0,0,0,0,0,0,0,0,0,0,0,0,0,0,0,0,0,0,0,0,0,0,0,0,0,0,0,0,0,0,0,0,0,0,0,0,0,0,0,0,0,0,0,0
Eukaryota,Metazoa,Chordata,Actinopteri,Blenniiformes,Blenniidae,Entomacrodus,Entomacrodus decussatus,16,98.40275,98.4705,97.348,99.228,98.875,99,97,100,1.44248885625e-124,1.4399999999999998e-126,2.77e-129,7.439999999999999e-124,0,0,0,0,0,0,0,0,0,0,0,0,0,0,0,0,0,2,0,0,0,0,0,0,0,0,0,0,0,0,0,0,0,0,0,0,0,0,0,0,0,0,0,0,0,0,0,0,0,0,0,0,17,0,0,0,0,0,0,0,0,0,0,0,0,0,0,0,0,0,0,0,0,1,0,0,0,0,0
Eukaryota,Metazoa,Arthropoda,Malacostraca,Decapoda,Axiidae,Axiopsis,Axiopsis serratifrons,1,94.444,94.444,94.444,94.444,93,93,93,93,1.29e-81,1.29e-81,1.29e-81,1.29e-81,0,0,0,0,0,0,0,0,0,0,0,0,0,0,0,0,0,1,0,0,0,0,0,0,0,0,0,0,0,0,0,0,0,0,0,0,0,0,0,0,0,0,0,0,0,0,0,0,0,0,0,0,0,0,0,0,0,0,0,0,0,0,0,0,0,0,0,0,0,0,0,0,0,0,0,0,0,0,0
Eukaryota,Metazoa,Mollusca,Gastropoda,Neogastropoda,Turbinellidae,Vasum,Vasum turbinellus,7,95.32028571428572,94.878,93.659,97.354,96.57142857142857,100,92,100,3.0096019714285712e-83,1.95e-85,3.76e-88,3.53e-82,0,0,0,0,0,0,0,0,0,0,0,0,0,0,0,0,0,10,0,0,0,0,0,0,0,0,0,0,0,0,0,0,0,0,0,0,0,0,0,0,0,0,0,0,0,0,0,0,0,0,0,0,0,0,0,0,0,0,0,0,0,0,0,0,0,0,0,0,0,0,0,0,0,0,0,0,0,0,0
Eukaryota,Metazoa,Mollusca,Gastropoda,Neogastropoda,Muricidae,Coralliophila,Coralliophila violacea,1,95.12,95.028,95.028,95.58,100,100,100,100,2.3861833333333333e-76,2.85e-76,6.71e-78,2.85e-76,0,0,0,0,0,0,0,0,0,0,0,0,0,0,0,0,0,1,0,0,0,0,0,0,0,0,0,0,0,0,0,0,0,0,0,0,0,0,0,0,0,0,0,0,0,0,0,0,0,0,0,0,0,0,0,0,0,0,0,0,0,0,0,0,0,0,0,0,0,0,0,0,0,0,0,0,0,0,0
Eukaryota,Metazoa,Mollusca,Gastropoda,LCA_dropped,Cerithiidae,Cerithium,Cerithium egenum,11,96.80263636363637,96.907,95.545,97.938,98.18181818181819,99,96,100,3.9882490909090903e-88,3.0399999999999997e-89,7.140000000000001e-91,1.2899999999999998e-87,0,0,0,0,0,0,0,0,0,0,0,0,0,0,0,0,0,5,0,0,0,0,0,0,0,0,0,0,0,0,0,0,0,0,0,0,0,0,0,0,0,0,0,0,12,0,0,0,0,0,0,0,0,0,0,0,0,0,0,0,0,0,0,0,0,0,0,0,0,0,0,0,7,0,0,0,0,0,0
Eukaryota,Metazoa,Arthropoda,Malacostraca,Decapoda,Portunidae,Thalamita,Thalamita sima,1,96.16214285714285,96.02,96.02,97.015,93,93,93,93,1.1918114285714284e-87,1.3899999999999998e-87,2.6799999999999997e-90,1.3899999999999998e-87,0,0,0,0,0,0,0,0,0,0,0,0,0,0,0,0,0,1,0,0,0,0,0,0,0,0,0,0,0,0,0,0,0,0,0,0,0,0,0,0,0,0,0,0,0,0,0,0,0,0,0,0,0,0,0,0,0,0,0,0,0,0,0,0,0,0,0,0,0,0,0,0,0,0,0,0,0,0,0
Eukaryota,Metazoa,Chordata,Actinopteri,Labriformes,Labridae,Cheilinus,LCA_dropped,6,97.9431320754717,97.727,95.833,99.608,97.28301886792453,97,76,100,1.5547169811320754e-90,2.6000000000000003e-123,4.11e-127,4.12e-89,0,0,0,0,0,0,0,0,0,0,0,0,0,0,0,0,0,0,8,0,0,0,0,0,0,0,0,0,0,0,0,0,0,0,0,0,0,0,0,0,0,0,0,0,0,0,0,0,0,0,0,0,0,0,0,0,0,0,0,0,0,0,0,0,0,0,0,0,0,0,0,0,0,0,0,0,0,0,0
Eukaryota,Metazoa,Chordata,Actinopteri,Lutjaniformes,Lutjanidae,Pterocaesio,Pterocaesio tile,15,97.99183333333333,98.054,96.241,99.611,92.5,97,76,100,1.029e-95,7.145e-122,2.2899999999999997e-130,1.55e-94,0,0,0,0,0,0,0,0,0,0,0,0,0,0,0,0,0,0,1,0,0,0,0,0,15,0,0,0,0,0,0,0,0,0,0,0,0,0,0,0,0,0,0,0,0,0,0,0,0,0,0,0,0,0,0,0,0,0,0,0,0,0,0,0,0,0,0,0,0,0,0,0,0,0,0,0,0,0,0
Eukaryota,Metazoa,Chordata,Actinopteri,Ophidiiformes,Ophidiidae,LCA_dropped,LCA_dropped,1,96.25466666666667,96.255,95.88,96.629,100,100,100,100,1.979066666666666e-119,1.36e-120,1.12e-121,5.789999999999998e-119,0,0,0,0,0,0,0,0,0,0,0,0,0,0,0,0,0,0,1,0,0,0,0,0,0,0,0,0,0,0,0,0,0,0,0,0,0,0,0,0,0,0,0,0,0,0,0,0,0,0,0,0,0,0,0,0,0,0,0,0,0,0,0,0,0,0,0,0,0,0,0,0,0,0,0,0,0,0,0
Eukaryota,Metazoa,Arthropoda,Malacostraca,Decapoda,Galatheidae,Galathea,LCA_dropped,5,92.00704999999999,91.919,90.338,93.939,95.2,93,93,100,8.83085857e-76,2.8300000000000002e-77,1.29e-81,1.47e-74,0,0,0,0,0,0,0,0,0,0,0,0,0,0,0,0,0,0,20,0,0,0,0,0,0,0,0,0,0,0,0,0,0,0,0,0,0,0,0,0,0,0,0,0,0,0,0,0,0,0,0,0,0,0,0,0,0,0,0,0,0,0,0,0,0,0,0,0,0,0,0,0,0,0,0,0,0,0,0
Eukaryota,Metazoa,Chordata,Actinopteri,LCA_dropped,Pomacanthidae,Centropyge,LCA_dropped,1,97.43900000000001,97.358,96.981,98.113,100,100,100,100,6.816599285714286e-124,2.1399999999999998e-124,4.13e-127,2.6100000000000003e-123,0,0,0,0,0,0,0,0,0,0,0,0,0,0,0,0,0,0,2,0,0,0,0,0,0,0,0,0,0,0,0,0,0,0,0,0,0,0,0,0,0,0,0,0,0,0,0,0,0,0,0,0,0,0,0,0,0,0,0,0,0,0,0,0,0,0,0,0,0,0,0,0,0,0,0,0,0,0,0
Eukaryota,Metazoa,Chordata,Actinopteri,Centrarchiformes,Kuhliidae,Kuhlia,LCA_dropped,2,97.98877272727273,98.127,96.629,98.851,98.27272727272727,98,90,100,2.465000036358402e-114,1.45e-126,8.039999999999999e-130,5.42e-113,0,0,0,0,0,0,0,0,0,0,0,0,0,0,0,0,0,0,2,0,0,0,0,0,0,0,0,0,0,0,0,0,0,0,0,0,0,0,0,0,0,0,0,0,0,0,0,0,0,0,0,0,0,0,0,0,0,0,0,0,0,0,0,0,0,0,0,0,0,0,0,0,0,0,0,0,0,0,0
Eukaryota,Metazoa,Chordata,Actinopteri,Ophidiiformes,Ophidiidae,Apagesoma,LCA_dropped,3,95.57033333333334,95.489,94.737,96.498,99,100,97,100,1.5820983333333334e-115,8.56e-117,1.6499999999999995e-119,1.27e-114,0,0,0,0,0,0,0,0,0,0,0,0,0,0,0,0,0,0,3,0,0,0,0,0,0,0,0,0,0,0,0,0,0,0,0,0,0,0,0,0,0,0,0,0,0,0,0,0,0,0,0,0,0,0,0,0,0,0,0,0,0,0,0,0,0,0,0,0,0,0,0,0,0,0,0,0,0,0,0
Eukaryota,Metazoa,Chordata,Actinopteri,LCA_dropped,Pomacanthidae,Centropyge,Centropyge heraldi,2,98.11922222222222,98.054,97.276,98.833,97,97,97,97,2.962007111111111e-121,9.140000000000001e-123,1.7599999999999999e-125,4.73e-120,0,0,0,0,0,0,0,0,0,0,0,0,0,0,0,0,0,0,3,0,0,0,0,0,0,0,0,0,0,0,0,0,0,0,0,0,0,0,0,0,0,0,0,0,0,0,0,0,0,0,0,0,0,0,0,0,0,0,0,0,0,0,0,0,0,0,0,0,0,0,0,0,0,0,0,0,0,0,0
Eukaryota,Metazoa,Chordata,Actinopteri,Holocentriformes,Holocentridae,Sargocentron,Sargocentron microstoma,3,98.38433333333333,98.141,97.77,99.242,99.33333333333333,100,98,100,1.2465533333333332e-128,2.8299999999999997e-129,6.659999999999999e-131,3.45e-128,0,0,0,0,0,0,0,0,0,0,0,0,0,0,0,0,0,0,0,0,0,3,0,0,0,0,0,0,0,0,0,0,0,0,0,0,0,0,0,0,0,0,0,0,0,0,0,0,0,0,0,0,0,0,0,0,0,0,0,0,0,0,0,0,0,0,0,0,0,0,0,0,0,0,0,0,0,0,0
Eukaryota,Metazoa,Chordata,Actinopteri,Lutjaniformes,Lutjanidae,Lutjanus,LCA_dropped,10,98.2113515625,98.134,97.015,99.614,97.5625,100,76,100,4.14765625e-94,1.2e-127,2.3099999999999997e-130,6.64e-93,0,0,0,0,0,0,0,0,0,0,0,0,0,0,0,0,0,0,0,0,0,2,0,7,0,0,0,0,0,0,0,0,0,0,0,0,0,0,0,0,0,0,0,0,0,0,4,0,0,0,0,0,0,0,0,0,0,0,0,0,0,1,0,0,0,0,0,0,0,0,0,0,0,0,0,0,0,0,0
Eukaryota,Metazoa,Chordata,Actinopteri,Acanthuriformes,Acanthuridae,Acanthurus,Acanthurus thompsoni,1,96.531875,95.902,95.865,97.744,98,100,92,100,8.52500000061875e-110,1.6499999999999995e-119,1.45e-126,3.4099999999999997e-109,0,0,0,0,0,0,0,0,0,0,0,0,0,0,0,0,0,0,0,0,0,1,0,0,0,0,0,0,0,0,0,0,0,0,0,0,0,0,0,0,0,0,0,0,0,0,0,0,0,0,0,0,0,0,0,0,0,0,0,0,0,0,0,0,0,0,0,0,0,0,0,0,0,0,0,0,0,0,0
Eukaryota,Metazoa,Arthropoda,Thecostraca,Balanomorpha,Chthamalidae,Chthamalus,Chthamalus moro,1,97.16499999999999,97.16499999999999,96.907,97.423,93,93,93,93,7.249999999999999e-88,7.249999999999999e-88,1.0999999999999999e-88,1.3399999999999997e-87,0,0,0,0,0,0,0,0,0,0,0,0,0,0,0,0,0,0,0,0,0,22,0,0,0,0,0,0,0,0,0,0,0,0,0,0,0,0,0,0,0,0,0,0,0,0,0,0,0,0,0,0,0,0,0,0,0,0,0,0,0,0,0,0,0,0,0,0,0,0,0,0,0,0,0,0,0,0,0
Eukaryota,Metazoa,Chordata,Actinopteri,Labriformes,Labridae,Scarus,Scarus altipinnis,1,97.51364285714286,97.093,96.899,98.837,95,96,76,96,1.9464285714285712e-95,1.6699999999999996e-119,5.0999999999999994e-126,5.45e-94,0,0,0,0,0,0,0,0,0,0,0,0,0,0,0,0,0,0,0,0,0,0,0,1,0,0,0,0,0,0,0,0,0,0,0,0,0,0,0,0,0,0,0,0,0,0,0,0,0,0,0,0,0,0,0,0,0,0,0,0,0,0,0,0,0,0,0,0,0,0,0,0,0,0,0,0,0,0,0
Eukaryota,Metazoa,Chordata,Actinopteri,Acanthuriformes,Acanthuridae,Acanthurus,Acanthurus nigroris,4,98.53075,98.5835,97.276,100,94,97,88,97,3.391666707086588e-113,6.006999999999999e-122,8.009999999999999e-130,1.8799999999999996e-112,0,0,0,0,0,0,0,0,0,0,0,0,0,0,0,0,0,0,0,0,0,0,0,4,0,0,0,0,0,0,0,0,0,0,0,0,0,0,0,0,0,0,0,0,0,0,0,0,0,0,0,0,0,0,0,0,0,0,0,0,0,0,0,0,0,0,0,0,0,0,0,0,0,0,0,0,0,0,0
Eukaryota,Metazoa,Chordata,Aves,Galliformes,Phasianidae,Meleagris,Meleagris gallopavo,5,98.4962,98.77,96.311,100,94.325,96,83,96,3.147712568335273e-104,1.5365e-116,4.49e-120,1.06e-102,0,0,0,0,0,0,0,0,0,0,0,0,0,0,0,0,0,0,0,0,0,0,0,14,0,0,0,0,0,0,0,0,0,0,0,0,0,0,0,0,0,0,0,0,0,0,0,0,0,0,0,0,0,0,0,0,0,0,0,0,0,0,0,0,0,0,0,0,0,0,0,0,0,0,0,0,0,0,0
Eukaryota,Metazoa,Echinodermata,Ophiuroidea,Amphilepidida,Ophionereidae,Ophionereis,Ophionereis dubia,3,94.27666666666667,93.583,93.548,96.237,100,100,100,100,6.556782185e-74,4.37e-74,1.1e-81,1.53e-73,0,0,0,0,0,0,0,1,0,0,3,0,0,2,0,0,0,0,1,0,0,0,0,0,1,0,0,0,0,0,0,0,0,0,0,0,0,3,0,0,0,0,0,0,0,0,2,0,0,0,0,0,0,0,0,0,0,0,0,0,0,0,0,0,0,0,0,0,0,0,0,0,0,0,0,0,0,0,0
Eukaryota,Viridiplantae,Chlorophyta,Chlorophyceae,Chlamydomonadales,Haematococcaceae,Haematococcus,Haematococcus lacustris,4,91.636,91.544,90.809,92.647,93,93,93,93,2.53480022225e-104,1.9599999999999997e-106,8.89e-111,1.01e-103,0,0,0,0,0,0,0,0,0,0,0,0,0,0,0,0,0,0,0,0,0,0,0,0,1,0,0,0,0,1,0,0,1,0,0,0,0,0,0,0,0,0,0,0,0,0,0,0,0,0,0,0,0,0,0,0,0,0,0,0,0,0,0,0,0,0,0,0,0,0,0,0,0,0,0,0,0,1,0
Eukaryota,Metazoa,Chordata,Mammalia,Primates,Hominidae,Pan,LCA_dropped,5,90.09991113189898,90.083,89.116,91.139,96.81197380729654,97,50,100,3.948612584214273e-42,1.5899999999999997e-87,3.0699999999999998e-90,3.28e-39,0,0,0,0,0,0,0,0,0,0,0,0,0,0,0,0,0,0,0,0,0,0,0,0,1,0,0,0,0,0,0,0,0,0,0,0,0,0,0,0,0,0,0,0,0,0,0,0,0,0,0,0,0,0,0,0,0,0,0,0,0,0,0,0,0,0,0,0,0,0,0,0,0,0,0,0,0,4,0
Eukaryota,Metazoa,Chordata,Actinopteri,Labriformes,Labridae,Scarus,Scarus rubroviolaceus,1,97.49460975609756,97.287,96.899,99.576,95.26829268292683,96,76,96,2.5609756097560972e-98,1.3699999999999999e-120,5.0999999999999994e-126,1.0499999999999998e-96,0,0,0,0,0,0,0,0,0,0,0,0,0,0,0,0,0,0,0,0,0,0,0,0,1,0,0,0,0,0,0,0,0,0,0,0,0,0,0,0,0,0,0,0,0,0,0,0,0,0,0,0,0,0,0,0,0,0,0,0,0,0,0,0,0,0,0,0,0,0,0,0,0,0,0,0,0,0,0
Eukaryota,Metazoa,Chordata,Actinopteri,Labriformes,Labridae,Scarus,Scarus psittacus,7,98.53342857142857,98.842,97.398,99.228,97.14285714285714,96,96,100,1.0964493808571429e-124,1.4699999999999999e-126,6.659999999999999e-131,7.59e-124,0,0,0,0,0,0,0,0,1,0,0,0,0,1,0,0,0,0,0,0,0,0,0,1,0,0,0,7,0,0,0,0,0,0,0,0,0,0,2,0,0,0,0,0,0,0,3,0,0,0,0,0,0,0,0,0,0,0,0,0,0,0,0,0,0,0,0,0,0,0,0,0,0,0,0,0,0,0,0
Eukaryota,Metazoa,Arthropoda,Arachnida,Araneae,Hahniidae,Hahnia,Hahnia ngai,5,97.838143,97.917,96.694,99.167,98.3986,99,96,100,2.083710850282e-111,1.6899999999999998e-112,6.319999999999999e-118,7.21e-111,0,0,0,0,0,0,0,0,0,0,0,0,0,0,0,0,0,0,0,0,0,0,0,0,0,0,0,0,72,0,0,0,0,0,0,0,0,0,0,0,0,0,0,0,0,0,0,0,0,0,0,0,0,0,0,0,1,0,0,0,0,0,0,0,0,0,0,0,0,0,0,0,0,0,0,0,0,1,0
Eukaryota,Fungi,Basidiomycota,Agaricomycetes,Agaricales,Clavariaceae,Clavaria,Clavaria zollingeri,3,95.52733333333333,95.548,95.486,95.548,99.66666666666667,100,99,100,1.043933333333333e-129,2.09e-131,2.09e-131,3.0899999999999994e-129,0,0,0,0,0,0,0,0,0,0,0,0,0,0,0,0,0,0,0,0,0,0,0,0,0,0,0,0,0,2,0,0,0,0,0,0,1,0,0,0,0,0,0,0,0,0,0,0,0,0,0,0,0,0,0,0,0,0,0,0,0,0,0,0,0,0,0,0,0,0,0,0,0,0,0,0,0,0,0
Eukaryota,Metazoa,Chordata,Actinopteri,Lutjaniformes,Lutjanidae,Aphareus,Aphareus furca,4,99.0164,98.851,98.491,100,93.6,97,76,100,7.9e-103,1.21e-127,1.57e-132,3.95e-102,0,0,0,0,0,0,0,0,0,0,0,0,0,0,0,0,0,0,0,0,0,0,0,0,0,0,0,0,0,0,4,0,0,0,0,0,0,0,0,0,0,0,0,0,0,0,0,0,0,0,0,0,0,0,0,0,0,0,0,0,0,0,0,0,0,0,0,0,0,0,0,0,0,0,0,0,0,0,0
Eukaryota,Metazoa,Arthropoda,Insecta,Blattodea,Blattellidae,Blattella,Blattella germanica,10,96.47306391752578,96.503,94.059,98.701,86.73195876288659,87,59,100,7.653114462722103e-53,2.68e-77,2.49e-90,3.71e-50,0,0,0,0,0,0,0,0,0,0,0,0,0,0,0,0,0,0,0,0,0,0,0,0,0,0,0,0,0,0,0,10,0,0,0,0,0,0,0,0,0,0,0,0,0,0,0,0,0,0,0,0,0,0,0,0,0,0,0,0,0,0,0,0,0,0,0,0,0,0,0,0,0,0,0,0,0,0,0
Eukaryota,Metazoa,Chordata,Actinopteri,Beloniformes,Exocoetidae,Cheilopogon,LCA_dropped,1,97.5453611111111,97.388,97.004,98.876,100,100,100,100,7.44179761111111e-125,3.2599999999999995e-126,6.599999999999999e-131,2.16e-124,0,0,0,0,0,0,0,0,0,0,0,0,0,0,0,0,0,0,0,0,0,0,0,0,0,0,0,0,0,0,0,1,0,0,0,0,0,0,0,0,0,0,0,0,0,0,0,0,0,0,0,0,0,0,0,0,0,0,0,0,0,0,0,0,0,0,0,0,0,0,0,0,0,0,0,0,0,0,0
Eukaryota,Metazoa,Echinodermata,Holothuroidea,Aspidochirotida,Holothuriidae,Bohadschia,Bohadschia argus,19,89.74012499999999,89.823,89.381,90.265,99.94736842105263,100,99,100,3.661478585526316e-80,1.38e-81,3.24e-83,2.48e-78,0,0,0,0,0,0,0,0,0,0,0,0,0,0,0,0,0,0,0,0,0,0,0,0,0,0,0,0,0,0,0,0,0,0,20,0,0,0,0,0,0,0,0,0,0,0,0,0,0,0,0,0,0,0,0,0,0,0,0,0,0,0,0,0,0,0,0,0,0,0,0,0,0,0,0,0,0,0,0
Eukaryota,Metazoa,Chordata,Actinopteri,Labriformes,Labridae,Macropharyngodon,Macropharyngodon meleagris,2,98.51774999999999,98.419,98.024,98.814,96,96,96,96,2.388375e-121,3.15e-122,3.1400000000000003e-122,1.34e-120,0,0,0,0,0,0,0,1,0,1,0,0,0,0,0,0,0,0,0,0,0,0,0,0,0,0,0,0,0,0,0,0,0,0,23,0,0,0,0,0,0,0,0,0,0,0,0,0,0,0,0,0,0,0,0,0,0,0,0,0,0,0,0,0,0,0,0,0,0,0,0,0,0,0,0,0,0,0,0
Eukaryota,Metazoa,Chordata,Actinopteri,Labriformes,Labridae,Pseudocheilinus,Pseudocheilinus evanidus,10,97.895125,97.9055,96.169,99.234,97.1,97,97,98,1.35139771642614e-118,2.18e-124,2.8399999999999997e-129,2.49e-117,0,0,0,0,0,0,0,0,0,0,0,0,0,0,0,0,0,0,0,0,0,0,0,0,0,0,0,0,0,0,0,0,0,0,0,10,0,0,0,0,0,0,0,0,0,0,0,0,0,0,0,0,0,0,0,0,0,0,0,0,0,0,0,0,0,0,0,0,0,0,0,0,0,0,0,0,0,0,0
Eukaryota,Metazoa,Chordata,Actinopteri,Labriformes,Labridae,Thalassoma,Thalassoma jansenii,1,98.2369090909091,98.024,97.98,99.605,94.18181818181819,96,75,97,2.0636363636363637e-93,1.34e-120,4.99e-126,2.27e-92,0,0,0,0,0,0,0,0,0,0,0,0,0,0,0,0,0,0,0,0,0,0,0,0,0,0,0,0,0,0,0,0,0,0,0,5,0,0,0,0,0,0,0,0,0,0,0,0,0,0,0,0,0,0,0,0,0,0,0,0,0,0,0,0,0,0,0,0,0,0,0,0,0,0,0,0,0,0,0
Eukaryota,LCA_dropped,LCA_dropped,Cryptophyceae,Pyrenomonadales,Pyrenomonadaceae,Rhodomonas,LCA_dropped,1,91.781,91.781,91.781,91.781,100,100,100,100,3.31e-116,3.31e-116,3.31e-116,3.31e-116,0,0,0,0,0,0,0,0,0,0,0,0,0,0,0,0,0,0,0,0,0,0,0,0,0,0,0,0,0,0,0,0,0,0,0,1,0,0,0,0,0,0,0,0,0,0,0,0,0,0,0,0,0,0,0,0,0,0,0,0,0,0,0,0,0,0,0,0,0,0,0,0,0,0,0,0,0,0,0
Eukaryota,Metazoa,Porifera,Demospongiae,Dictyoceratida,Irciniidae,Ircinia,Ircinia strobilina,3,93.628,92.8675,91.941,96.094,96.66666666666667,96,94,100,5.3357355382644996e-104,2.0661449999999997e-108,1.31e-114,3.1799999999999997e-103,0,0,0,0,0,0,0,0,0,0,0,0,0,0,0,0,0,0,0,0,0,0,0,0,0,0,0,0,0,0,0,0,0,0,0,0,0,0,2,0,0,0,0,1,0,0,0,0,0,0,0,0,0,0,0,0,0,0,0,0,0,0,0,0,0,0,0,0,0,0,0,0,0,0,0,0,0,0,0
Eukaryota,Metazoa,Chordata,Actinopteri,Gobiiformes,Gobiidae,Trimma,Trimma okinawae,1,90.672,90.672,90.299,91.045,97,97,97,97,1.2802025e-98,1.2802025e-98,4.0499999999999996e-102,2.56e-98,0,0,0,0,0,0,0,0,0,0,0,0,0,0,0,0,0,0,0,0,0,0,0,0,0,0,0,0,0,0,0,0,0,0,0,0,0,0,1,0,0,0,0,0,0,0,0,0,0,0,0,0,0,0,0,0,0,0,0,0,0,0,0,0,0,0,0,0,0,0,0,0,0,0,0,0,0,0,0
Eukaryota,Metazoa,Chordata,Actinopteri,LCA_dropped,Pomacentridae,Plectroglyphidodon,Plectroglyphidodon phoenixensis,2,98.80916666666667,98.8675,97.761,99.614,98.33333333333333,98.5,96,100,3.358183333333333e-128,2.2069999999999999e-128,2.3099999999999997e-130,1.2e-127,0,0,0,0,0,0,0,0,0,0,0,0,0,0,0,0,0,0,0,0,0,0,0,0,0,0,0,0,0,0,0,0,0,0,0,0,0,0,3,0,0,0,0,0,0,0,0,0,0,0,0,0,0,0,0,0,0,0,0,0,0,0,0,0,0,0,0,0,0,0,0,0,0,0,0,0,0,0,0
Eukaryota,Metazoa,Arthropoda,Malacostraca,Decapoda,Plagusiidae,Percnon,Percnon affine,1,96.07,96.07,96.07,96.07,100,100,100,100,3.28e-102,3.28e-102,3.28e-102,3.28e-102,0,0,0,0,0,0,0,0,0,0,0,0,0,0,0,0,0,0,0,0,0,0,0,0,0,0,0,0,0,0,0,0,0,0,0,0,0,0,5,0,0,0,0,0,0,0,0,0,0,0,0,0,0,0,0,0,0,0,0,0,0,0,0,0,0,0,0,0,0,0,0,0,0,0,0,0,0,0,0
Eukaryota,Metazoa,Chordata,Actinopteri,Labriformes,Labridae,Cheilinus,Cheilinus undulatus,5,98.77706666666667,99.213,97.338,100,91.2,97,76,100,9.135066666666666e-97,6.08e-125,4.99e-126,1.26e-95,0,0,0,0,0,0,0,0,0,0,0,0,0,0,0,0,0,0,0,0,0,0,0,0,0,0,0,0,0,0,0,0,0,0,0,0,0,0,0,27,0,0,0,0,0,0,0,0,0,0,0,0,0,0,0,0,0,0,0,0,0,0,0,0,0,0,0,0,0,0,0,0,0,0,0,0,0,0,0
Eukaryota,Metazoa,Chordata,Actinopteri,Tetraodontiformes,Balistidae,Rhinecanthus,LCA_dropped,2,97.46300000000001,97.51650000000001,96.241,98.833,98.5,98.5,97,100,8.675409999999999e-122,4.9450000000000004e-123,1.7599999999999999e-125,3.8799999999999995e-121,0,0,0,0,0,0,0,0,0,0,0,0,0,0,0,0,0,0,0,0,0,0,0,0,0,0,0,0,0,0,0,0,0,0,0,0,0,0,0,0,0,0,2,0,0,0,0,0,0,0,0,0,0,0,0,0,0,0,0,0,0,0,0,0,0,0,0,0,0,0,0,0,0,0,0,0,0,0,0
Eukaryota,Metazoa,Chordata,Actinopteri,Acanthuriformes,Zanclidae,Zanclus,Zanclus cornutus,15,98.64614285714286,98.491,97.358,100,98.46666666666667,98,97,100,5.519706924952381e-123,4.13e-127,2.7799999999999996e-129,3.8699999999999997e-121,0,0,0,0,0,0,0,0,0,0,0,0,0,0,0,0,0,0,0,0,0,0,0,0,0,0,0,0,0,0,0,0,0,0,0,0,0,0,0,0,0,0,0,14,0,0,0,0,0,0,0,0,0,0,0,0,1,0,0,0,0,0,0,0,0,0,0,0,0,0,0,0,0,0,0,0,0,0,0
Eukaryota,Metazoa,Chordata,Actinopteri,Centrarchiformes,Cirrhitidae,Paracirrhites,Paracirrhites arcatus,2,98.85466666666667,98.444,98.12,100,91,97,76,100,1.9233333333333334e-100,2.15e-124,1.19e-127,5.77e-100,0,0,0,0,0,0,0,0,0,0,0,0,0,0,0,0,0,0,0,0,0,0,0,0,0,0,0,0,0,0,0,0,0,0,0,0,0,0,0,0,0,0,0,3,0,0,1,0,0,0,0,0,0,0,0,0,0,0,0,0,0,0,0,0,0,0,0,0,1,0,0,0,0,0,0,0,0,0,0
Eukaryota,Metazoa,Chordata,Mammalia,Primates,Hominidae,Pan,Pan paniscus,2,89.468625,89.451,88.398,90.295,97.0625,98,50,100,5.321441949825992e-40,2.35e-85,4.53e-88,1.3899999999999998e-37,0,0,0,0,0,0,0,0,0,0,0,0,0,0,0,0,0,0,0,0,0,0,0,0,0,0,0,0,0,0,0,0,0,0,0,0,0,0,0,0,0,0,0,1,0,0,0,0,0,0,0,0,0,0,0,0,0,0,0,0,0,0,0,0,0,0,0,0,0,0,0,0,0,0,0,0,0,1,0
Eukaryota,Metazoa,Arthropoda,Insecta,Hymenoptera,Formicidae,Tapinoma,Tapinoma indicum,1,96.27139700000001,96.266,96.266,96.68,99.001,99,99,100,1.0556536e-108,1.07e-108,2.5199999999999995e-110,1.07e-108,0,0,0,0,0,0,0,0,0,0,0,0,0,0,0,0,0,0,0,0,0,0,0,0,0,0,0,0,0,0,0,0,0,0,0,0,0,0,0,0,0,0,0,1,0,0,0,0,0,0,0,0,0,0,0,0,0,0,0,0,0,0,0,0,0,0,0,0,0,0,0,0,0,0,0,0,0,0,0
Eukaryota,Metazoa,Arthropoda,Insecta,Hemiptera,Aphididae,Aphis,LCA_dropped,5,96.41709999999999,95.96,95.5,97.487,95,95,95,95,1.0647288022857143e-85,4.689999999999999e-87,7.43e-91,2.43e-84,0,0,0,0,0,0,0,0,0,0,0,0,0,0,0,0,0,0,0,0,0,0,0,0,0,0,0,0,0,0,0,0,0,0,0,0,0,0,0,0,0,0,0,0,6,0,0,0,0,0,0,0,0,0,0,0,0,0,0,0,0,0,0,0,0,0,0,0,0,0,0,0,0,0,0,0,0,0,0
Eukaryota,Metazoa,Chordata,Actinopteri,Gobiiformes,Gobiidae,Callogobius,Callogobius sclateri,2,98.47,98.47,98.444,98.496,98.5,98.5,97,100,1.07501395e-124,1.07501395e-124,2.7899999999999996e-129,2.15e-124,0,0,0,0,0,0,0,0,0,0,0,0,0,0,0,0,0,0,0,0,0,0,0,0,0,0,0,0,0,0,0,0,0,0,0,0,0,0,0,0,0,0,0,0,0,4,0,0,0,0,0,0,0,0,0,0,0,0,0,0,0,0,0,0,0,0,0,0,0,0,0,0,0,0,0,0,0,0,0
Eukaryota,Metazoa,Chordata,Actinopteri,Blenniiformes,Blenniidae,Istiblennius,Istiblennius edentulus,8,98.388975,98.473,97.004,99.251,98.75,98,98,100,3.5660019355e-125,4.17e-127,1.5499999999999997e-132,2.16e-124,0,0,0,0,0,0,0,0,0,0,0,0,0,0,0,0,0,0,0,0,0,0,0,0,0,0,0,0,0,0,0,0,0,0,0,0,0,0,0,0,0,0,0,0,0,0,8,0,0,0,0,0,0,0,0,0,0,0,0,0,0,0,0,0,0,0,0,0,0,0,0,0,0,0,0,0,0,0,0
Eukaryota,Metazoa,Chordata,Actinopteri,Blenniiformes,Blenniidae,Cirripectes,LCA_dropped,3,92.18503571428572,92.265,91.188,93.87,97.85714285714286,97,97,100,3.052615110883093e-101,4.112e-105,6.659999999999999e-112,1.67e-100,0,0,0,0,0,0,0,0,0,0,0,0,0,0,0,0,0,0,0,0,0,0,0,0,0,0,0,0,0,0,0,0,0,0,0,0,0,0,0,0,0,0,0,0,0,0,3,0,0,0,0,0,0,0,0,0,0,0,0,0,0,0,0,0,0,0,0,0,0,0,0,0,0,0,0,0,0,0,0
Eukaryota,Metazoa,Chordata,Actinopteri,Holocentriformes,Holocentridae,Sargocentron,LCA_dropped,1,97.90133333333334,97.778,97.407,98.519,100,100,100,100,1.439797e-127,9.919999999999999e-129,1.91e-131,4.22e-127,0,0,0,0,0,0,0,0,0,0,0,0,0,0,0,0,0,0,0,0,0,0,0,0,0,0,0,0,0,0,0,0,0,0,0,0,0,0,0,0,0,0,0,0,0,0,1,0,0,0,0,0,0,0,0,0,0,0,0,0,0,0,0,0,0,0,0,0,0,0,0,0,0,0,0,0,0,0,0
Eukaryota,Metazoa,Chordata,Actinopteri,Perciformes,Serranidae,Liopropoma,Liopropoma pallidum,3,97.765,97.407,97.037,98.851,99,100,97,100,1.8943333333333332e-126,4.22e-127,1.21e-127,5.14e-126,0,0,0,0,0,0,0,0,0,0,0,0,0,0,0,0,0,0,0,0,0,0,0,0,0,0,0,0,0,0,0,0,0,0,0,0,0,0,0,0,0,0,0,0,0,0,8,0,0,0,0,0,0,0,0,0,0,0,0,0,0,0,0,0,0,0,0,0,0,0,0,0,0,0,0,0,0,0,0
Eukaryota,Metazoa,Chordata,Actinopteri,Holocentriformes,Holocentridae,Sargocentron,Sargocentron tiere,1,98.212,98.084,97.701,98.851,97,97,97,97,2.752403333333333e-124,6.26e-125,1.21e-127,7.629999999999999e-124,0,0,0,0,0,0,0,0,0,0,0,0,0,0,0,0,0,0,0,0,0,0,0,0,0,0,0,0,0,0,0,0,0,0,0,0,0,0,0,0,0,0,0,0,0,0,1,0,0,0,0,0,0,0,0,0,0,0,0,0,0,0,0,0,0,0,0,0,0,0,0,0,0,0,0,0,0,0,0
Eukaryota,Metazoa,Echinodermata,Ophiuroidea,Amphilepidida,Ophiocomidae,Ophiocoma,Ophiocoma anaglyptica,1,93.989,93.989,93.989,93.989,98,98,98,98,1.53e-73,1.53e-73,1.53e-73,1.53e-73,0,0,0,0,0,0,0,0,0,0,0,0,0,0,0,0,0,0,0,0,0,0,0,0,0,0,0,0,0,0,0,0,0,0,0,0,0,0,0,0,0,0,0,0,0,0,0,0,0,4,0,0,0,0,0,0,0,0,0,0,0,0,0,0,0,0,0,0,0,0,0,0,0,0,0,0,0,0,0
Eukaryota,Metazoa,Chordata,Actinopteri,Acanthuriformes,Acanthuridae,Zebrasoma,Zebrasoma velifer,3,98.28595238095238,98.444,96.981,99.609,98,97,97,100,9.338740761904762e-123,2.1399999999999998e-124,1.18e-127,1.11e-121,0,0,0,0,0,0,0,0,0,0,0,0,0,0,0,0,0,0,0,0,0,0,0,0,0,0,0,0,0,0,0,0,0,0,0,0,0,0,0,0,0,0,0,0,0,0,0,0,0,0,3,0,0,0,0,0,0,0,0,0,0,0,0,0,1,0,0,0,0,0,0,0,0,0,0,0,0,0,0
Eukaryota,Metazoa,Mollusca,Bivalvia,Venerida,Veneridae,Periglypta,Periglypta reticulata,4,96.45349999999999,96.28899999999999,95.21,98.026,95.5,95.5,91,100,3.41965e-68,5.2715e-69,2.43e-70,1.26e-67,0,0,0,0,0,0,0,0,0,0,0,0,0,0,0,0,0,0,0,0,0,0,0,0,0,0,0,0,0,0,0,0,0,0,0,0,0,0,0,0,0,0,0,0,0,0,0,0,0,0,23,0,0,0,0,0,0,0,0,0,0,0,0,0,0,0,0,0,0,0,0,0,0,0,0,0,0,0,0
Eukaryota,Metazoa,Chordata,Actinopteri,Acanthuriformes,Acanthuridae,Zebrasoma,LCA_dropped,3,98.15282051282051,98.12,96.992,98.833,99,100,97,100,3.559332158974359e-122,1.45e-126,1.19e-127,1.36e-120,0,0,0,0,0,0,0,0,0,0,0,0,0,0,0,0,0,0,0,0,0,0,0,0,0,0,0,0,0,0,0,0,0,0,0,0,0,0,0,0,0,0,0,0,0,0,0,0,0,0,4,0,0,0,0,0,0,0,0,0,0,0,0,0,0,0,0,0,0,0,0,0,0,0,0,0,0,0,0
Eukaryota,Metazoa,Arthropoda,Malacostraca,Decapoda,Xanthidae,Liocarpilodes,Liocarpilodes integerrimus,1,95.631,95.631,95.631,95.631,93,93,93,93,1.1799999999999999e-88,1.1799999999999999e-88,1.1799999999999999e-88,1.1799999999999999e-88,0,0,0,0,0,0,0,0,0,0,0,0,0,0,0,0,0,0,0,0,0,0,0,0,0,0,0,0,0,0,0,0,0,0,0,0,0,0,0,0,0,0,0,0,0,0,0,0,0,0,4,0,0,0,0,0,0,0,0,0,0,0,0,0,0,0,0,0,0,0,0,0,0,0,0,0,0,0,0
Eukaryota,Metazoa,Chordata,Actinopteri,Labriformes,Labridae,Cetoscarus,LCA_dropped,2,98.2945,98.31200000000001,97.407,99.231,98,98,96,100,1.2872977777777778e-126,4.22e-127,9.919999999999999e-129,5.14e-126,0,0,0,0,0,0,0,0,0,0,0,0,0,0,0,0,0,0,0,0,0,0,0,0,0,0,0,0,0,0,0,0,0,0,0,0,0,0,0,0,0,0,0,0,0,0,0,0,0,0,3,0,0,0,0,0,0,0,0,0,0,0,0,0,0,0,0,0,0,0,0,0,0,0,0,0,0,0,0
Eukaryota,Metazoa,Chordata,Actinopteri,Blenniiformes,Blenniidae,Entomacrodus,Entomacrodus thalassinus,2,90.18875,90.1885,89.057,91.321,97,97,97,97,4.83434305975e-94,1.8686049999999998e-96,1.3899999999999997e-101,1.93e-93,0,0,0,0,0,0,0,0,0,0,0,0,0,0,0,0,0,0,0,0,0,0,0,0,0,0,0,0,0,0,0,0,0,0,0,0,0,0,0,0,0,0,0,0,0,0,0,0,0,0,0,0,1,0,0,0,0,0,0,0,0,0,0,1,0,0,0,0,0,0,0,0,0,0,0,0,0,0,0
Eukaryota,Metazoa,Chordata,Actinopteri,Carangiformes,Carangidae,Scomberoides,Scomberoides lysan,1,99.18575,99.283,98.566,99.611,95.25,97,90,97,9.2750000670075e-129,1.337575e-136,5.1499999999999996e-139,3.71e-128,0,0,0,0,0,0,0,0,0,0,0,0,0,0,0,0,0,0,0,0,0,0,0,0,0,0,0,0,0,0,0,0,0,0,0,0,0,0,0,0,0,0,0,0,0,0,0,0,0,0,0,0,0,1,0,0,0,0,0,0,0,0,0,0,0,0,0,0,0,0,0,0,0,0,0,0,0,0,0
Eukaryota,Metazoa,Arthropoda,Insecta,Diptera,Culicidae,LCA_dropped,LCA_dropped,19,95.08123155216285,95.215,93.301,97.765,97.61704834605598,100,68,100,1.2102544529262086e-59,1.3399999999999997e-87,4.1099999999999997e-94,3.38e-57,0,0,0,0,0,0,0,0,0,0,0,0,0,0,0,0,0,0,0,0,0,0,0,0,0,0,0,0,0,0,0,0,0,0,0,0,0,0,0,0,0,0,0,0,0,0,0,0,0,0,0,0,0,0,0,0,0,88,0,0,0,0,0,0,0,0,0,0,0,0,0,54,0,0,0,0,0,0,0
Eukaryota,Metazoa,Arthropoda,Insecta,Diptera,Limoniidae,Metalimnobia,Metalimnobia quadrinotata,10,92.6954347826087,92.386,91.346,93.909,97.43478260869566,98,95,100,7.19642078712174e-77,1.86e-79,1.98e-85,1.1700000000000001e-75,0,0,0,0,0,0,0,0,0,0,0,0,0,0,0,0,0,0,0,0,0,0,0,0,0,0,0,0,0,0,0,0,0,0,0,0,0,0,0,0,0,0,0,0,0,0,0,0,0,0,0,0,0,0,0,0,0,0,0,0,0,18,0,0,0,0,0,0,0,0,0,0,0,0,0,0,0,0,0
Eukaryota,Metazoa,Cnidaria,Hydrozoa,Limnomedusae,Olindiidae,Craspedacusta,Craspedacusta sowerbii,1,96.014,96.014,96.014,96.014,100,100,100,100,6.409999999999999e-125,6.409999999999999e-125,6.409999999999999e-125,6.409999999999999e-125,0,0,0,0,0,0,0,0,0,0,0,0,0,0,0,0,0,0,0,0,0,0,0,0,0,0,0,0,0,0,0,0,0,0,0,0,0,0,0,0,0,0,0,0,0,0,0,0,0,0,0,0,0,0,0,0,0,0,0,0,0,0,1,0,0,0,0,0,0,0,0,0,0,0,0,0,0,0,0
Eukaryota,Metazoa,Chordata,Actinopteri,Blenniiformes,Blenniidae,Blenniella,Blenniella gibbifrons,1,98.168,98.168,98.168,98.168,100,100,100,100,1.94e-131,1.94e-131,1.94e-131,1.94e-131,0,0,0,0,0,0,0,0,0,0,0,0,0,0,0,0,0,0,0,0,0,0,0,0,0,0,0,0,0,0,0,0,0,0,0,0,0,0,0,0,0,0,0,0,0,0,0,0,0,0,0,0,0,0,0,0,0,0,0,0,0,0,0,0,0,0,0,0,0,0,2,0,0,0,0,0,0,0,0
Eukaryota,Metazoa,Arthropoda,Insecta,Odonata,Coenagrionidae,Ischnura,Ischnura aurora,11,97.28919318181818,97.283,95.676,98.37,90.63636363636364,90.5,86,99,2.4178595037530377e-80,2.9350109500000004e-86,9.929999999999998e-96,6.7e-79,0,0,0,0,0,0,0,0,0,0,0,0,0,0,0,0,0,0,0,0,0,0,0,0,0,0,0,0,0,0,0,0,0,0,0,0,0,0,0,0,0,0,0,0,0,0,0,0,0,0,0,0,0,0,0,0,0,0,0,0,0,0,0,0,0,0,0,0,0,0,0,61,0,0,0,0,0,0,0
Eukaryota,Metazoa,Chordata,Actinopteri,Chaetodontiformes,Chaetodontidae,Chaetodon,Chaetodon citrinellus,3,98.07177777777778,98.431,96.97,98.824,98,97,97,100,5.5971111111111115e-123,2.6000000000000003e-123,2.13e-124,3.16e-122,0,0,0,0,0,0,0,0,0,0,0,0,0,0,0,0,0,0,0,0,0,0,0,0,0,0,0,0,0,0,0,0,0,0,0,0,0,0,0,0,0,0,0,0,0,0,0,0,0,0,0,0,0,0,0,0,0,0,0,0,0,0,0,0,0,0,0,0,0,0,0,0,10,0,0,0,0,0,0
Eukaryota,Metazoa,Chordata,Lepidosauria,Squamata,Gekkonidae,Lepidodactylus,Lepidodactylus lugubris,1,97.7825,97.7825,97.581,97.984,100,100,100,100,4.279500000000001e-117,4.279500000000001e-117,6.4899999999999995e-118,7.910000000000001e-117,0,0,0,0,0,0,0,0,0,0,0,0,0,0,0,0,0,0,0,0,0,0,0,0,0,0,0,0,0,0,0,0,0,0,0,0,0,0,0,0,0,0,0,0,0,0,0,0,0,0,0,0,0,0,0,0,0,0,0,0,0,0,0,0,0,0,0,0,0,0,0,0,0,0,0,0,0,1,0
Eukaryota,Metazoa,Chordata,Mammalia,Chiroptera,Pteropodidae,Pteropus,LCA_dropped,1,98.0667,97.942,97.119,98.765,100,100,100,100,7.653256319999998e-113,3.2899999999999997e-115,6.339999999999999e-118,5.939999999999999e-112,0,0,0,0,0,0,0,0,0,0,0,0,0,0,0,0,0,0,0,0,0,0,0,0,0,0,0,0,0,0,0,0,0,0,0,0,0,0,0,0,0,0,0,0,0,0,0,0,0,0,0,0,0,0,0,0,0,0,0,0,0,0,0,0,0,0,0,0,0,0,0,0,0,0,0,0,0,1,0
